,title,text,date
0,2022 대규모 OCR 인공지능 학습데이터 해커톤,"06.(일) - 주최 : 과학기술정보통신부, 한국지능정보사회진흥원 - 주관 : (주)엔에치엔다이퀘스트 컨소시엄 ● 참가대상 - 인공지능, 학습용 데이터...",2022.10.28.
1,2022 대규모 OCR 인공지능 학습데이터 해커톤,"06.(일) - 주최 : 과학기술정보통신부, 한국지능정보사회진흥원 - 주관 : (주)엔에치엔다이퀘스트 컨소시엄 ● 참가대상 - 인공지능, 학습용 데이터...",2022.10.28.
2,2022 대규모 OCR 인공지능 학습데이터 해커톤,"06.(일) - 주최 : 과학기술정보통신부, 한국지능정보사회진흥원 - 주관 : (주)엔에치엔다이퀘스트 컨소시엄 ● 참가대상 - 인공지능, 학습용 데이터...",2022.10.28.
3,2022 대규모 OCR 인공지능 학습데이터 해커톤,"06.(일) - 주최 : 과학기술정보통신부, 한국지능정보사회진흥원 - 주관 : (주)엔에치엔다이퀘스트 컨소시엄 ● 참가대상 - 인공지능, 학습용 데이터...",2022.10.28.
4,2022 대규모 OCR 인공지능 학습데이터 해커톤,"06.(일) - 주최 : 과학기술정보통신부, 한국지능정보사회진흥원 - 주관 : (주)엔에치엔다이퀘스트 컨소시엄 ● 참가대상 - 인공지능, 학습용 데이터...",2022.10.28.
5,2022 대규모 OCR 인공지능 학습데이터 해커톤,"06.(일) - 주최 : 과학기술정보통신부, 한국지능정보사회진흥원 - 주관 : (주)엔에치엔다이퀘스트 컨소시엄 ● 참가대상 - 인공지능, 학습용 데이터...",2022.10.28.
6,2022 대규모 OCR 인공지능 학습데이터 해커톤,"06.(일) - 주최 : 과학기술정보통신부, 한국지능정보사회진흥원 - 주관 : (주)엔에치엔다이퀘스트 컨소시엄 ● 참가대상 - 인공지능, 학습용 데이터...",2022.10.28.
7,2022 대규모 OCR 인공지능 학습데이터 해커톤,"06.(일) - 주최 : 과학기술정보통신부, 한국지능정보사회진흥원 - 주관 : (주)엔에치엔다이퀘스트 컨소시엄 ● 참가대상 - 인공지능, 학습용 데이터...",2022.10.28.
8,2022 대규모 OCR 인공지능 학습데이터 해커톤,"06.(일) - 주최 : 과학기술정보통신부, 한국지능정보사회진흥원 - 주관 : (주)엔에치엔다이퀘스트 컨소시엄 ● 참가대상 - 인공지능, 학습용 데이터...",2022.10.28.
9,2022 대규모 OCR 인공지능 학습데이터 해커톤,"06.(일) - 주최 : 과학기술정보통신부, 한국지능정보사회진흥원 - 주관 : (주)엔에치엔다이퀘스트 컨소시엄 ● 참가대상 - 인공지능, 학습용 데이터...",2022.10.28.
10,2022 대규모 OCR 인공지능 학습데이터 해커톤,"06.(일) - 주최 : 과학기술정보통신부, 한국지능정보사회진흥원 - 주관 : (주)엔에치엔다이퀘스트 컨소시엄 ● 참가대상 - 인공지능, 학습용 데이터...",2022.10.28.
11,2022 대규모 OCR 인공지능 학습데이터 해커톤,"06.(일) - 주최 : 과학기술정보통신부, 한국지능정보사회진흥원 - 주관 : (주)엔에치엔다이퀘스트 컨소시엄 ● 참가대상 - 인공지능, 학습용 데이터...",2022.10.28.
12,2022 대규모 OCR 인공지능 학습데이터 해커톤,"06.(일) - 주최 : 과학기술정보통신부, 한국지능정보사회진흥원 - 주관 : (주)엔에치엔다이퀘스트 컨소시엄 ● 참가대상 - 인공지능, 학습용 데이터...",2022.10.28.
13,2022 대규모 OCR 인공지능 학습데이터 해커톤,"06.(일) - 주최 : 과학기술정보통신부, 한국지능정보사회진흥원 - 주관 : (주)엔에치엔다이퀘스트 컨소시엄 ● 참가대상 - 인공지능, 학습용 데이터...",2022.10.28.
14,2022 대규모 OCR 인공지능 학습데이터 해커톤,"06.(일) - 주최 : 과학기술정보통신부, 한국지능정보사회진흥원 - 주관 : (주)엔에치엔다이퀘스트 컨소시엄 ● 참가대상 - 인공지능, 학습용 데이터...",2022.10.28.
15,2022 대규모 OCR 인공지능 학습데이터 해커톤,"06.(일) - 주최 : 과학기술정보통신부, 한국지능정보사회진흥원 - 주관 : (주)엔에치엔다이퀘스트 컨소시엄 ● 참가대상 - 인공지능, 학습용 데이터...",2022.10.28.
16,2022 대규모 OCR 인공지능 학습데이터 해커톤,"06.(일) - 주최 : 과학기술정보통신부, 한국지능정보사회진흥원 - 주관 : (주)엔에치엔다이퀘스트 컨소시엄 ● 참가대상 - 인공지능, 학습용 데이터...",2022.10.28.
17,2022 대규모 OCR 인공지능 학습데이터 해커톤,"06.(일) - 주최 : 과학기술정보통신부, 한국지능정보사회진흥원 - 주관 : (주)엔에치엔다이퀘스트 컨소시엄 ● 참가대상 - 인공지능, 학습용 데이터...",2022.10.28.
18,2022 대규모 OCR 인공지능 학습데이터 해커톤,"06.(일) - 주최 : 과학기술정보통신부, 한국지능정보사회진흥원 - 주관 : (주)엔에치엔다이퀘스트 컨소시엄 ● 참가대상 - 인공지능, 학습용 데이터...",2022.10.28.
19,2022 대규모 OCR 인공지능 학습데이터 해커톤,"06.(일) - 주최 : 과학기술정보통신부, 한국지능정보사회진흥원 - 주관 : (주)엔에치엔다이퀘스트 컨소시엄 ● 참가대상 - 인공지능, 학습용 데이터...",2022.10.28.
20,2022 대규모 OCR 인공지능 학습데이터 해커톤,"06.(일) - 주최 : 과학기술정보통신부, 한국지능정보사회진흥원 - 주관 : (주)엔에치엔다이퀘스트 컨소시엄 ● 참가대상 - 인공지능, 학습용 데이터...",2022.10.28.
21,2022 대규모 OCR 인공지능 학습데이터 해커톤,"06.(일) - 주최 : 과학기술정보통신부, 한국지능정보사회진흥원 - 주관 : (주)엔에치엔다이퀘스트 컨소시엄 ● 참가대상 - 인공지능, 학습용 데이터...",2022.10.28.
22,2022 대규모 OCR 인공지능 학습데이터 해커톤,"06.(일) - 주최 : 과학기술정보통신부, 한국지능정보사회진흥원 - 주관 : (주)엔에치엔다이퀘스트 컨소시엄 ● 참가대상 - 인공지능, 학습용 데이터...",2022.10.28.
23,2022 대규모 OCR 인공지능 학습데이터 해커톤,"06.(일) - 주최 : 과학기술정보통신부, 한국지능정보사회진흥원 - 주관 : (주)엔에치엔다이퀘스트 컨소시엄 ● 참가대상 - 인공지능, 학습용 데이터...",2022.10.28.
24,2022 대규모 OCR 인공지능 학습데이터 해커톤,"06.(일) - 주최 : 과학기술정보통신부, 한국지능정보사회진흥원 - 주관 : (주)엔에치엔다이퀘스트 컨소시엄 ● 참가대상 - 인공지능, 학습용 데이터...",2022.10.28.
25,2022 대규모 OCR 인공지능 학습데이터 해커톤,"06.(일) - 주최 : 과학기술정보통신부, 한국지능정보사회진흥원 - 주관 : (주)엔에치엔다이퀘스트 컨소시엄 ● 참가대상 - 인공지능, 학습용 데이터...",2022.10.28.
26,2022 대규모 OCR 인공지능 학습데이터 해커톤,"06.(일) - 주최 : 과학기술정보통신부, 한국지능정보사회진흥원 - 주관 : (주)엔에치엔다이퀘스트 컨소시엄 ● 참가대상 - 인공지능, 학습용 데이터...",2022.10.28.
27,2022 대규모 OCR 인공지능 학습데이터 해커톤,"06.(일) - 주최 : 과학기술정보통신부, 한국지능정보사회진흥원 - 주관 : (주)엔에치엔다이퀘스트 컨소시엄 ● 참가대상 - 인공지능, 학습용 데이터...",2022.10.28.
28,2022 대규모 OCR 인공지능 학습데이터 해커톤,"06.(일) - 주최 : 과학기술정보통신부, 한국지능정보사회진흥원 - 주관 : (주)엔에치엔다이퀘스트 컨소시엄 ● 참가대상 - 인공지능, 학습용 데이터...",2022.10.28.
29,2022 대규모 OCR 인공지능 학습데이터 해커톤,"06.(일) - 주최 : 과학기술정보통신부, 한국지능정보사회진흥원 - 주관 : (주)엔에치엔다이퀘스트 컨소시엄 ● 참가대상 - 인공지능, 학습용 데이터...",2022.10.28.
30,2022 대규모 OCR 인공지능 학습데이터 해커톤,"06.(일) - 주최 : 과학기술정보통신부, 한국지능정보사회진흥원 - 주관 : (주)엔에치엔다이퀘스트 컨소시엄 ● 참가대상 - 인공지능, 학습용 데이터...",2022.10.28.
31,2022 대규모 OCR 인공지능 학습데이터 해커톤,"06.(일) - 주최 : 과학기술정보통신부, 한국지능정보사회진흥원 - 주관 : (주)엔에치엔다이퀘스트 컨소시엄 ● 참가대상 - 인공지능, 학습용 데이터...",2022.10.28.
32,2022 대규모 OCR 인공지능 학습데이터 해커톤,"06.(일) - 주최 : 과학기술정보통신부, 한국지능정보사회진흥원 - 주관 : (주)엔에치엔다이퀘스트 컨소시엄 ● 참가대상 - 인공지능, 학습용 데이터...",2022.10.28.
33,2022 대규모 OCR 인공지능 학습데이터 해커톤,"06.(일) - 주최 : 과학기술정보통신부, 한국지능정보사회진흥원 - 주관 : (주)엔에치엔다이퀘스트 컨소시엄 ● 참가대상 - 인공지능, 학습용 데이터...",2022.10.28.
34,2022 대규모 OCR 인공지능 학습데이터 해커톤,"06.(일) - 주최 : 과학기술정보통신부, 한국지능정보사회진흥원 - 주관 : (주)엔에치엔다이퀘스트 컨소시엄 ● 참가대상 - 인공지능, 학습용 데이터...",2022.10.28.
35,2022 대규모 OCR 인공지능 학습데이터 해커톤,"06.(일) - 주최 : 과학기술정보통신부, 한국지능정보사회진흥원 - 주관 : (주)엔에치엔다이퀘스트 컨소시엄 ● 참가대상 - 인공지능, 학습용 데이터...",2022.10.28.
36,2022 대규모 OCR 인공지능 학습데이터 해커톤,"06.(일) - 주최 : 과학기술정보통신부, 한국지능정보사회진흥원 - 주관 : (주)엔에치엔다이퀘스트 컨소시엄 ● 참가대상 - 인공지능, 학습용 데이터...",2022.10.28.
37,2022 대규모 OCR 인공지능 학습데이터 해커톤,"06.(일) - 주최 : 과학기술정보통신부, 한국지능정보사회진흥원 - 주관 : (주)엔에치엔다이퀘스트 컨소시엄 ● 참가대상 - 인공지능, 학습용 데이터...",2022.10.28.
38,2022 대규모 OCR 인공지능 학습데이터 해커톤,"06.(일) - 주최 : 과학기술정보통신부, 한국지능정보사회진흥원 - 주관 : (주)엔에치엔다이퀘스트 컨소시엄 ● 참가대상 - 인공지능, 학습용 데이터...",2022.10.28.
39,2022 대규모 OCR 인공지능 학습데이터 해커톤,"06.(일) - 주최 : 과학기술정보통신부, 한국지능정보사회진흥원 - 주관 : (주)엔에치엔다이퀘스트 컨소시엄 ● 참가대상 - 인공지능, 학습용 데이터...",2022.10.28.
40,2022 대규모 OCR 인공지능 학습데이터 해커톤,"06.(일) - 주최 : 과학기술정보통신부, 한국지능정보사회진흥원 - 주관 : (주)엔에치엔다이퀘스트 컨소시엄 ● 참가대상 - 인공지능, 학습용 데이터...",2022.10.28.
41,2022 대규모 OCR 인공지능 학습데이터 해커톤,"06.(일) - 주최 : 과학기술정보통신부, 한국지능정보사회진흥원 - 주관 : (주)엔에치엔다이퀘스트 컨소시엄 ● 참가대상 - 인공지능, 학습용 데이터...",2022.10.28.
42,2022 대규모 OCR 인공지능 학습데이터 해커톤,"06.(일) - 주최 : 과학기술정보통신부, 한국지능정보사회진흥원 - 주관 : (주)엔에치엔다이퀘스트 컨소시엄 ● 참가대상 - 인공지능, 학습용 데이터...",2022.10.28.
43,2022 대규모 OCR 인공지능 학습데이터 해커톤,"06.(일) - 주최 : 과학기술정보통신부, 한국지능정보사회진흥원 - 주관 : (주)엔에치엔다이퀘스트 컨소시엄 ● 참가대상 - 인공지능, 학습용 데이터...",2022.10.28.
44,2022 대규모 OCR 인공지능 학습데이터 해커톤,"06.(일) - 주최 : 과학기술정보통신부, 한국지능정보사회진흥원 - 주관 : (주)엔에치엔다이퀘스트 컨소시엄 ● 참가대상 - 인공지능, 학습용 데이터...",2022.10.28.
45,2022 대규모 OCR 인공지능 학습데이터 해커톤,"06.(일) - 주최 : 과학기술정보통신부, 한국지능정보사회진흥원 - 주관 : (주)엔에치엔다이퀘스트 컨소시엄 ● 참가대상 - 인공지능, 학습용 데이터...",2022.10.28.
46,2022 대규모 OCR 인공지능 학습데이터 해커톤,"06.(일) - 주최 : 과학기술정보통신부, 한국지능정보사회진흥원 - 주관 : (주)엔에치엔다이퀘스트 컨소시엄 ● 참가대상 - 인공지능, 학습용 데이터...",2022.10.28.
47,2022 대규모 OCR 인공지능 학습데이터 해커톤,"06.(일) - 주최 : 과학기술정보통신부, 한국지능정보사회진흥원 - 주관 : (주)엔에치엔다이퀘스트 컨소시엄 ● 참가대상 - 인공지능, 학습용 데이터...",2022.10.28.
48,2022 대규모 OCR 인공지능 학습데이터 해커톤,"06.(일) - 주최 : 과학기술정보통신부, 한국지능정보사회진흥원 - 주관 : (주)엔에치엔다이퀘스트 컨소시엄 ● 참가대상 - 인공지능, 학습용 데이터...",2022.10.28.
49,2022 대규모 OCR 인공지능 학습데이터 해커톤,"06.(일) - 주최 : 과학기술정보통신부, 한국지능정보사회진흥원 - 주관 : (주)엔에치엔다이퀘스트 컨소시엄 ● 참가대상 - 인공지능, 학습용 데이터...",2022.10.28.
50,2022 대규모 OCR 인공지능 학습데이터 해커톤,"06.(일) - 주최 : 과학기술정보통신부, 한국지능정보사회진흥원 - 주관 : (주)엔에치엔다이퀘스트 컨소시엄 ● 참가대상 - 인공지능, 학습용 데이터...",2022.10.28.
51,2022 대규모 OCR 인공지능 학습데이터 해커톤,"06.(일) - 주최 : 과학기술정보통신부, 한국지능정보사회진흥원 - 주관 : (주)엔에치엔다이퀘스트 컨소시엄 ● 참가대상 - 인공지능, 학습용 데이터...",2022.10.28.
52,2022 대규모 OCR 인공지능 학습데이터 해커톤,"06.(일) - 주최 : 과학기술정보통신부, 한국지능정보사회진흥원 - 주관 : (주)엔에치엔다이퀘스트 컨소시엄 ● 참가대상 - 인공지능, 학습용 데이터...",2022.10.28.
53,2022 대규모 OCR 인공지능 학습데이터 해커톤,"06.(일) - 주최 : 과학기술정보통신부, 한국지능정보사회진흥원 - 주관 : (주)엔에치엔다이퀘스트 컨소시엄 ● 참가대상 - 인공지능, 학습용 데이터...",2022.10.28.
54,2022 대규모 OCR 인공지능 학습데이터 해커톤,"06.(일) - 주최 : 과학기술정보통신부, 한국지능정보사회진흥원 - 주관 : (주)엔에치엔다이퀘스트 컨소시엄 ● 참가대상 - 인공지능, 학습용 데이터...",2022.10.28.
55,2022 대규모 OCR 인공지능 학습데이터 해커톤,"06.(일) - 주최 : 과학기술정보통신부, 한국지능정보사회진흥원 - 주관 : (주)엔에치엔다이퀘스트 컨소시엄 ● 참가대상 - 인공지능, 학습용 데이터...",2022.10.28.
56,2022 대규모 OCR 인공지능 학습데이터 해커톤,"06.(일) - 주최 : 과학기술정보통신부, 한국지능정보사회진흥원 - 주관 : (주)엔에치엔다이퀘스트 컨소시엄 ● 참가대상 - 인공지능, 학습용 데이터...",2022.10.28.
57,2022 대규모 OCR 인공지능 학습데이터 해커톤,"06.(일) - 주최 : 과학기술정보통신부, 한국지능정보사회진흥원 - 주관 : (주)엔에치엔다이퀘스트 컨소시엄 ● 참가대상 - 인공지능, 학습용 데이터...",2022.10.28.
58,2022 대규모 OCR 인공지능 학습데이터 해커톤,"06.(일) - 주최 : 과학기술정보통신부, 한국지능정보사회진흥원 - 주관 : (주)엔에치엔다이퀘스트 컨소시엄 ● 참가대상 - 인공지능, 학습용 데이터...",2022.10.28.
59,2022 대규모 OCR 인공지능 학습데이터 해커톤,"06.(일) - 주최 : 과학기술정보통신부, 한국지능정보사회진흥원 - 주관 : (주)엔에치엔다이퀘스트 컨소시엄 ● 참가대상 - 인공지능, 학습용 데이터...",2022.10.28.
60,2022 대규모 OCR 인공지능 학습데이터 해커톤,"06.(일) - 주최 : 과학기술정보통신부, 한국지능정보사회진흥원 - 주관 : (주)엔에치엔다이퀘스트 컨소시엄 ● 참가대상 - 인공지능, 학습용 데이터...",2022.10.28.
61,2022 대규모 OCR 인공지능 학습데이터 해커톤,"06.(일) - 주최 : 과학기술정보통신부, 한국지능정보사회진흥원 - 주관 : (주)엔에치엔다이퀘스트 컨소시엄 ● 참가대상 - 인공지능, 학습용 데이터...",2022.10.28.
62,2022 대규모 OCR 인공지능 학습데이터 해커톤,"06.(일) - 주최 : 과학기술정보통신부, 한국지능정보사회진흥원 - 주관 : (주)엔에치엔다이퀘스트 컨소시엄 ● 참가대상 - 인공지능, 학습용 데이터...",2022.10.28.
63,2022 대규모 OCR 인공지능 학습데이터 해커톤,"06.(일) - 주최 : 과학기술정보통신부, 한국지능정보사회진흥원 - 주관 : (주)엔에치엔다이퀘스트 컨소시엄 ● 참가대상 - 인공지능, 학습용 데이터...",2022.10.28.
64,2022 대규모 OCR 인공지능 학습데이터 해커톤,"06.(일) - 주최 : 과학기술정보통신부, 한국지능정보사회진흥원 - 주관 : (주)엔에치엔다이퀘스트 컨소시엄 ● 참가대상 - 인공지능, 학습용 데이터...",2022.10.28.
65,2022 대규모 OCR 인공지능 학습데이터 해커톤,"06.(일) - 주최 : 과학기술정보통신부, 한국지능정보사회진흥원 - 주관 : (주)엔에치엔다이퀘스트 컨소시엄 ● 참가대상 - 인공지능, 학습용 데이터...",2022.10.28.
66,2022 대규모 OCR 인공지능 학습데이터 해커톤,"06.(일) - 주최 : 과학기술정보통신부, 한국지능정보사회진흥원 - 주관 : (주)엔에치엔다이퀘스트 컨소시엄 ● 참가대상 - 인공지능, 학습용 데이터...",2022.10.28.
67,2022 대규모 OCR 인공지능 학습데이터 해커톤,"06.(일) - 주최 : 과학기술정보통신부, 한국지능정보사회진흥원 - 주관 : (주)엔에치엔다이퀘스트 컨소시엄 ● 참가대상 - 인공지능, 학습용 데이터...",2022.10.28.
68,2022 대규모 OCR 인공지능 학습데이터 해커톤,"06.(일) - 주최 : 과학기술정보통신부, 한국지능정보사회진흥원 - 주관 : (주)엔에치엔다이퀘스트 컨소시엄 ● 참가대상 - 인공지능, 학습용 데이터...",2022.10.28.
69,2022 대규모 OCR 인공지능 학습데이터 해커톤,"06.(일) - 주최 : 과학기술정보통신부, 한국지능정보사회진흥원 - 주관 : (주)엔에치엔다이퀘스트 컨소시엄 ● 참가대상 - 인공지능, 학습용 데이터...",2022.10.28.
70,2022 대규모 OCR 인공지능 학습데이터 해커톤,"06.(일) - 주최 : 과학기술정보통신부, 한국지능정보사회진흥원 - 주관 : (주)엔에치엔다이퀘스트 컨소시엄 ● 참가대상 - 인공지능, 학습용 데이터...",2022.10.28.
71,2022 대규모 OCR 인공지능 학습데이터 해커톤,"06.(일) - 주최 : 과학기술정보통신부, 한국지능정보사회진흥원 - 주관 : (주)엔에치엔다이퀘스트 컨소시엄 ● 참가대상 - 인공지능, 학습용 데이터...",2022.10.28.
72,2022 대규모 OCR 인공지능 학습데이터 해커톤,"06.(일) - 주최 : 과학기술정보통신부, 한국지능정보사회진흥원 - 주관 : (주)엔에치엔다이퀘스트 컨소시엄 ● 참가대상 - 인공지능, 학습용 데이터...",2022.10.28.
73,2022 대규모 OCR 인공지능 학습데이터 해커톤,"06.(일) - 주최 : 과학기술정보통신부, 한국지능정보사회진흥원 - 주관 : (주)엔에치엔다이퀘스트 컨소시엄 ● 참가대상 - 인공지능, 학습용 데이터...",2022.10.28.
74,2022 대규모 OCR 인공지능 학습데이터 해커톤,"06.(일) - 주최 : 과학기술정보통신부, 한국지능정보사회진흥원 - 주관 : (주)엔에치엔다이퀘스트 컨소시엄 ● 참가대상 - 인공지능, 학습용 데이터...",2022.10.28.
75,2022 대규모 OCR 인공지능 학습데이터 해커톤,"06.(일) - 주최 : 과학기술정보통신부, 한국지능정보사회진흥원 - 주관 : (주)엔에치엔다이퀘스트 컨소시엄 ● 참가대상 - 인공지능, 학습용 데이터...",2022.10.28.
76,2022 대규모 OCR 인공지능 학습데이터 해커톤,"06.(일) - 주최 : 과학기술정보통신부, 한국지능정보사회진흥원 - 주관 : (주)엔에치엔다이퀘스트 컨소시엄 ● 참가대상 - 인공지능, 학습용 데이터...",2022.10.28.
77,2022 대규모 OCR 인공지능 학습데이터 해커톤,"06.(일) - 주최 : 과학기술정보통신부, 한국지능정보사회진흥원 - 주관 : (주)엔에치엔다이퀘스트 컨소시엄 ● 참가대상 - 인공지능, 학습용 데이터...",2022.10.28.
78,2022 대규모 OCR 인공지능 학습데이터 해커톤,"06.(일) - 주최 : 과학기술정보통신부, 한국지능정보사회진흥원 - 주관 : (주)엔에치엔다이퀘스트 컨소시엄 ● 참가대상 - 인공지능, 학습용 데이터...",2022.10.28.
79,2022 대규모 OCR 인공지능 학습데이터 해커톤,"06.(일) - 주최 : 과학기술정보통신부, 한국지능정보사회진흥원 - 주관 : (주)엔에치엔다이퀘스트 컨소시엄 ● 참가대상 - 인공지능, 학습용 데이터...",2022.10.28.
80,2022 대규모 OCR 인공지능 학습데이터 해커톤,"06.(일) - 주최 : 과학기술정보통신부, 한국지능정보사회진흥원 - 주관 : (주)엔에치엔다이퀘스트 컨소시엄 ● 참가대상 - 인공지능, 학습용 데이터...",2022.10.28.
81,2022 대규모 OCR 인공지능 학습데이터 해커톤,"06.(일) - 주최 : 과학기술정보통신부, 한국지능정보사회진흥원 - 주관 : (주)엔에치엔다이퀘스트 컨소시엄 ● 참가대상 - 인공지능, 학습용 데이터...",2022.10.28.
82,2022 대규모 OCR 인공지능 학습데이터 해커톤,"06.(일) - 주최 : 과학기술정보통신부, 한국지능정보사회진흥원 - 주관 : (주)엔에치엔다이퀘스트 컨소시엄 ● 참가대상 - 인공지능, 학습용 데이터...",2022.10.28.
83,2022 대규모 OCR 인공지능 학습데이터 해커톤,"06.(일) - 주최 : 과학기술정보통신부, 한국지능정보사회진흥원 - 주관 : (주)엔에치엔다이퀘스트 컨소시엄 ● 참가대상 - 인공지능, 학습용 데이터...",2022.10.28.
84,2022 대규모 OCR 인공지능 학습데이터 해커톤,"06.(일) - 주최 : 과학기술정보통신부, 한국지능정보사회진흥원 - 주관 : (주)엔에치엔다이퀘스트 컨소시엄 ● 참가대상 - 인공지능, 학습용 데이터...",2022.10.28.
85,2022 대규모 OCR 인공지능 학습데이터 해커톤,"06.(일) - 주최 : 과학기술정보통신부, 한국지능정보사회진흥원 - 주관 : (주)엔에치엔다이퀘스트 컨소시엄 ● 참가대상 - 인공지능, 학습용 데이터...",2022.10.28.
86,2022 대규모 OCR 인공지능 학습데이터 해커톤,"06.(일) - 주최 : 과학기술정보통신부, 한국지능정보사회진흥원 - 주관 : (주)엔에치엔다이퀘스트 컨소시엄 ● 참가대상 - 인공지능, 학습용 데이터...",2022.10.28.
87,2022 대규모 OCR 인공지능 학습데이터 해커톤,"06.(일) - 주최 : 과학기술정보통신부, 한국지능정보사회진흥원 - 주관 : (주)엔에치엔다이퀘스트 컨소시엄 ● 참가대상 - 인공지능, 학습용 데이터...",2022.10.28.
88,2022 대규모 OCR 인공지능 학습데이터 해커톤,"06.(일) - 주최 : 과학기술정보통신부, 한국지능정보사회진흥원 - 주관 : (주)엔에치엔다이퀘스트 컨소시엄 ● 참가대상 - 인공지능, 학습용 데이터...",2022.10.28.
89,2022 대규모 OCR 인공지능 학습데이터 해커톤,"06.(일) - 주최 : 과학기술정보통신부, 한국지능정보사회진흥원 - 주관 : (주)엔에치엔다이퀘스트 컨소시엄 ● 참가대상 - 인공지능, 학습용 데이터...",2022.10.28.
90,2022 대규모 OCR 인공지능 학습데이터 해커톤,"06.(일) - 주최 : 과학기술정보통신부, 한국지능정보사회진흥원 - 주관 : (주)엔에치엔다이퀘스트 컨소시엄 ● 참가대상 - 인공지능, 학습용 데이터...",2022.10.28.
91,2022 대규모 OCR 인공지능 학습데이터 해커톤,"06.(일) - 주최 : 과학기술정보통신부, 한국지능정보사회진흥원 - 주관 : (주)엔에치엔다이퀘스트 컨소시엄 ● 참가대상 - 인공지능, 학습용 데이터...",2022.10.28.
92,2022 대규모 OCR 인공지능 학습데이터 해커톤,"06.(일) - 주최 : 과학기술정보통신부, 한국지능정보사회진흥원 - 주관 : (주)엔에치엔다이퀘스트 컨소시엄 ● 참가대상 - 인공지능, 학습용 데이터...",2022.10.28.
93,2022 대규모 OCR 인공지능 학습데이터 해커톤,"06.(일) - 주최 : 과학기술정보통신부, 한국지능정보사회진흥원 - 주관 : (주)엔에치엔다이퀘스트 컨소시엄 ● 참가대상 - 인공지능, 학습용 데이터...",2022.10.28.
94,2022 대규모 OCR 인공지능 학습데이터 해커톤,"06.(일) - 주최 : 과학기술정보통신부, 한국지능정보사회진흥원 - 주관 : (주)엔에치엔다이퀘스트 컨소시엄 ● 참가대상 - 인공지능, 학습용 데이터...",2022.10.28.
95,2022 대규모 OCR 인공지능 학습데이터 해커톤,"06.(일) - 주최 : 과학기술정보통신부, 한국지능정보사회진흥원 - 주관 : (주)엔에치엔다이퀘스트 컨소시엄 ● 참가대상 - 인공지능, 학습용 데이터...",2022.10.28.
96,2022 대규모 OCR 인공지능 학습데이터 해커톤,"06.(일) - 주최 : 과학기술정보통신부, 한국지능정보사회진흥원 - 주관 : (주)엔에치엔다이퀘스트 컨소시엄 ● 참가대상 - 인공지능, 학습용 데이터...",2022.10.28.
97,2022 대규모 OCR 인공지능 학습데이터 해커톤,"06.(일) - 주최 : 과학기술정보통신부, 한국지능정보사회진흥원 - 주관 : (주)엔에치엔다이퀘스트 컨소시엄 ● 참가대상 - 인공지능, 학습용 데이터...",2022.10.28.
98,2022 대규모 OCR 인공지능 학습데이터 해커톤,"06.(일) - 주최 : 과학기술정보통신부, 한국지능정보사회진흥원 - 주관 : (주)엔에치엔다이퀘스트 컨소시엄 ● 참가대상 - 인공지능, 학습용 데이터...",2022.10.28.
99,2022 대규모 OCR 인공지능 학습데이터 해커톤,"06.(일) - 주최 : 과학기술정보통신부, 한국지능정보사회진흥원 - 주관 : (주)엔에치엔다이퀘스트 컨소시엄 ● 참가대상 - 인공지능, 학습용 데이터...",2022.10.28.
100,2022 대규모 OCR 인공지능 학습데이터 해커톤,"06.(일) - 주최 : 과학기술정보통신부, 한국지능정보사회진흥원 - 주관 : (주)엔에치엔다이퀘스트 컨소시엄 ● 참가대상 - 인공지능, 학습용 데이터...",2022.10.28.
101,2022 대규모 OCR 인공지능 학습데이터 해커톤,"06.(일) - 주최 : 과학기술정보통신부, 한국지능정보사회진흥원 - 주관 : (주)엔에치엔다이퀘스트 컨소시엄 ● 참가대상 - 인공지능, 학습용 데이터...",2022.10.28.
102,2022 대규모 OCR 인공지능 학습데이터 해커톤,"06.(일) - 주최 : 과학기술정보통신부, 한국지능정보사회진흥원 - 주관 : (주)엔에치엔다이퀘스트 컨소시엄 ● 참가대상 - 인공지능, 학습용 데이터...",2022.10.28.
103,2022 대규모 OCR 인공지능 학습데이터 해커톤,"06.(일) - 주최 : 과학기술정보통신부, 한국지능정보사회진흥원 - 주관 : (주)엔에치엔다이퀘스트 컨소시엄 ● 참가대상 - 인공지능, 학습용 데이터...",2022.10.28.
104,2022 대규모 OCR 인공지능 학습데이터 해커톤,"06.(일) - 주최 : 과학기술정보통신부, 한국지능정보사회진흥원 - 주관 : (주)엔에치엔다이퀘스트 컨소시엄 ● 참가대상 - 인공지능, 학습용 데이터...",2022.10.28.
105,2022 대규모 OCR 인공지능 학습데이터 해커톤,"06.(일) - 주최 : 과학기술정보통신부, 한국지능정보사회진흥원 - 주관 : (주)엔에치엔다이퀘스트 컨소시엄 ● 참가대상 - 인공지능, 학습용 데이터...",2022.10.28.
106,2022 대규모 OCR 인공지능 학습데이터 해커톤,"06.(일) - 주최 : 과학기술정보통신부, 한국지능정보사회진흥원 - 주관 : (주)엔에치엔다이퀘스트 컨소시엄 ● 참가대상 - 인공지능, 학습용 데이터...",2022.10.28.
107,2022 대규모 OCR 인공지능 학습데이터 해커톤,"06.(일) - 주최 : 과학기술정보통신부, 한국지능정보사회진흥원 - 주관 : (주)엔에치엔다이퀘스트 컨소시엄 ● 참가대상 - 인공지능, 학습용 데이터...",2022.10.28.
108,2022 대규모 OCR 인공지능 학습데이터 해커톤,"06.(일) - 주최 : 과학기술정보통신부, 한국지능정보사회진흥원 - 주관 : (주)엔에치엔다이퀘스트 컨소시엄 ● 참가대상 - 인공지능, 학습용 데이터...",2022.10.28.
109,2022 대규모 OCR 인공지능 학습데이터 해커톤,"06.(일) - 주최 : 과학기술정보통신부, 한국지능정보사회진흥원 - 주관 : (주)엔에치엔다이퀘스트 컨소시엄 ● 참가대상 - 인공지능, 학습용 데이터...",2022.10.28.
110,2022 대규모 OCR 인공지능 학습데이터 해커톤,"06.(일) - 주최 : 과학기술정보통신부, 한국지능정보사회진흥원 - 주관 : (주)엔에치엔다이퀘스트 컨소시엄 ● 참가대상 - 인공지능, 학습용 데이터...",2022.10.28.
111,2022 대규모 OCR 인공지능 학습데이터 해커톤,"06.(일) - 주최 : 과학기술정보통신부, 한국지능정보사회진흥원 - 주관 : (주)엔에치엔다이퀘스트 컨소시엄 ● 참가대상 - 인공지능, 학습용 데이터...",2022.10.28.
112,2022 대규모 OCR 인공지능 학습데이터 해커톤,"06.(일) - 주최 : 과학기술정보통신부, 한국지능정보사회진흥원 - 주관 : (주)엔에치엔다이퀘스트 컨소시엄 ● 참가대상 - 인공지능, 학습용 데이터...",2022.10.28.
113,2022 대규모 OCR 인공지능 학습데이터 해커톤,"06.(일) - 주최 : 과학기술정보통신부, 한국지능정보사회진흥원 - 주관 : (주)엔에치엔다이퀘스트 컨소시엄 ● 참가대상 - 인공지능, 학습용 데이터...",2022.10.28.
114,2022 대규모 OCR 인공지능 학습데이터 해커톤,"06.(일) - 주최 : 과학기술정보통신부, 한국지능정보사회진흥원 - 주관 : (주)엔에치엔다이퀘스트 컨소시엄 ● 참가대상 - 인공지능, 학습용 데이터...",2022.10.28.
115,2022 대규모 OCR 인공지능 학습데이터 해커톤,"06.(일) - 주최 : 과학기술정보통신부, 한국지능정보사회진흥원 - 주관 : (주)엔에치엔다이퀘스트 컨소시엄 ● 참가대상 - 인공지능, 학습용 데이터...",2022.10.28.
116,2022 대규모 OCR 인공지능 학습데이터 해커톤,"06.(일) - 주최 : 과학기술정보통신부, 한국지능정보사회진흥원 - 주관 : (주)엔에치엔다이퀘스트 컨소시엄 ● 참가대상 - 인공지능, 학습용 데이터...",2022.10.28.
117,2022 대규모 OCR 인공지능 학습데이터 해커톤,"06.(일) - 주최 : 과학기술정보통신부, 한국지능정보사회진흥원 - 주관 : (주)엔에치엔다이퀘스트 컨소시엄 ● 참가대상 - 인공지능, 학습용 데이터...",2022.10.28.
118,2022 대규모 OCR 인공지능 학습데이터 해커톤,"06.(일) - 주최 : 과학기술정보통신부, 한국지능정보사회진흥원 - 주관 : (주)엔에치엔다이퀘스트 컨소시엄 ● 참가대상 - 인공지능, 학습용 데이터...",2022.10.28.
119,2022 대규모 OCR 인공지능 학습데이터 해커톤,"06.(일) - 주최 : 과학기술정보통신부, 한국지능정보사회진흥원 - 주관 : (주)엔에치엔다이퀘스트 컨소시엄 ● 참가대상 - 인공지능, 학습용 데이터...",2022.10.28.
120,2022 대규모 OCR 인공지능 학습데이터 해커톤,"06.(일) - 주최 : 과학기술정보통신부, 한국지능정보사회진흥원 - 주관 : (주)엔에치엔다이퀘스트 컨소시엄 ● 참가대상 - 인공지능, 학습용 데이터...",2022.10.28.
121,2022 대규모 OCR 인공지능 학습데이터 해커톤,"06.(일) - 주최 : 과학기술정보통신부, 한국지능정보사회진흥원 - 주관 : (주)엔에치엔다이퀘스트 컨소시엄 ● 참가대상 - 인공지능, 학습용 데이터...",2022.10.28.
122,2022 대규모 OCR 인공지능 학습데이터 해커톤,"06.(일) - 주최 : 과학기술정보통신부, 한국지능정보사회진흥원 - 주관 : (주)엔에치엔다이퀘스트 컨소시엄 ● 참가대상 - 인공지능, 학습용 데이터...",2022.10.28.
123,2022 대규모 OCR 인공지능 학습데이터 해커톤,"06.(일) - 주최 : 과학기술정보통신부, 한국지능정보사회진흥원 - 주관 : (주)엔에치엔다이퀘스트 컨소시엄 ● 참가대상 - 인공지능, 학습용 데이터...",2022.10.28.
124,2022 대규모 OCR 인공지능 학습데이터 해커톤,"06.(일) - 주최 : 과학기술정보통신부, 한국지능정보사회진흥원 - 주관 : (주)엔에치엔다이퀘스트 컨소시엄 ● 참가대상 - 인공지능, 학습용 데이터...",2022.10.28.
125,2022 대규모 OCR 인공지능 학습데이터 해커톤,"06.(일) - 주최 : 과학기술정보통신부, 한국지능정보사회진흥원 - 주관 : (주)엔에치엔다이퀘스트 컨소시엄 ● 참가대상 - 인공지능, 학습용 데이터...",2022.10.28.
126,2022 대규모 OCR 인공지능 학습데이터 해커톤,"06.(일) - 주최 : 과학기술정보통신부, 한국지능정보사회진흥원 - 주관 : (주)엔에치엔다이퀘스트 컨소시엄 ● 참가대상 - 인공지능, 학습용 데이터...",2022.10.28.
127,2022 대규모 OCR 인공지능 학습데이터 해커톤,"06.(일) - 주최 : 과학기술정보통신부, 한국지능정보사회진흥원 - 주관 : (주)엔에치엔다이퀘스트 컨소시엄 ● 참가대상 - 인공지능, 학습용 데이터...",2022.10.28.
128,2022 대규모 OCR 인공지능 학습데이터 해커톤,"06.(일) - 주최 : 과학기술정보통신부, 한국지능정보사회진흥원 - 주관 : (주)엔에치엔다이퀘스트 컨소시엄 ● 참가대상 - 인공지능, 학습용 데이터...",2022.10.28.
129,2022 대규모 OCR 인공지능 학습데이터 해커톤,"06.(일) - 주최 : 과학기술정보통신부, 한국지능정보사회진흥원 - 주관 : (주)엔에치엔다이퀘스트 컨소시엄 ● 참가대상 - 인공지능, 학습용 데이터...",2022.10.28.
130,2022 대규모 OCR 인공지능 학습데이터 해커톤,"06.(일) - 주최 : 과학기술정보통신부, 한국지능정보사회진흥원 - 주관 : (주)엔에치엔다이퀘스트 컨소시엄 ● 참가대상 - 인공지능, 학습용 데이터...",2022.10.28.
131,2022 대규모 OCR 인공지능 학습데이터 해커톤,"06.(일) - 주최 : 과학기술정보통신부, 한국지능정보사회진흥원 - 주관 : (주)엔에치엔다이퀘스트 컨소시엄 ● 참가대상 - 인공지능, 학습용 데이터...",2022.10.28.
132,2022 대규모 OCR 인공지능 학습데이터 해커톤,"06.(일) - 주최 : 과학기술정보통신부, 한국지능정보사회진흥원 - 주관 : (주)엔에치엔다이퀘스트 컨소시엄 ● 참가대상 - 인공지능, 학습용 데이터...",2022.10.28.
133,2022 대규모 OCR 인공지능 학습데이터 해커톤,"06.(일) - 주최 : 과학기술정보통신부, 한국지능정보사회진흥원 - 주관 : (주)엔에치엔다이퀘스트 컨소시엄 ● 참가대상 - 인공지능, 학습용 데이터...",2022.10.28.
134,2022 대규모 OCR 인공지능 학습데이터 해커톤,"06.(일) - 주최 : 과학기술정보통신부, 한국지능정보사회진흥원 - 주관 : (주)엔에치엔다이퀘스트 컨소시엄 ● 참가대상 - 인공지능, 학습용 데이터...",2022.10.28.
135,2022 대규모 OCR 인공지능 학습데이터 해커톤,"06.(일) - 주최 : 과학기술정보통신부, 한국지능정보사회진흥원 - 주관 : (주)엔에치엔다이퀘스트 컨소시엄 ● 참가대상 - 인공지능, 학습용 데이터...",2022.10.28.
136,2022 대규모 OCR 인공지능 학습데이터 해커톤,"06.(일) - 주최 : 과학기술정보통신부, 한국지능정보사회진흥원 - 주관 : (주)엔에치엔다이퀘스트 컨소시엄 ● 참가대상 - 인공지능, 학습용 데이터...",2022.10.28.
137,2022 대규모 OCR 인공지능 학습데이터 해커톤,"06.(일) - 주최 : 과학기술정보통신부, 한국지능정보사회진흥원 - 주관 : (주)엔에치엔다이퀘스트 컨소시엄 ● 참가대상 - 인공지능, 학습용 데이터...",2022.10.28.
138,2022 대규모 OCR 인공지능 학습데이터 해커톤,"06.(일) - 주최 : 과학기술정보통신부, 한국지능정보사회진흥원 - 주관 : (주)엔에치엔다이퀘스트 컨소시엄 ● 참가대상 - 인공지능, 학습용 데이터...",2022.10.28.
139,2022 대규모 OCR 인공지능 학습데이터 해커톤,"06.(일) - 주최 : 과학기술정보통신부, 한국지능정보사회진흥원 - 주관 : (주)엔에치엔다이퀘스트 컨소시엄 ● 참가대상 - 인공지능, 학습용 데이터...",2022.10.28.
140,2022 대규모 OCR 인공지능 학습데이터 해커톤,"06.(일) - 주최 : 과학기술정보통신부, 한국지능정보사회진흥원 - 주관 : (주)엔에치엔다이퀘스트 컨소시엄 ● 참가대상 - 인공지능, 학습용 데이터...",2022.10.28.
141,2022 대규모 OCR 인공지능 학습데이터 해커톤,"06.(일) - 주최 : 과학기술정보통신부, 한국지능정보사회진흥원 - 주관 : (주)엔에치엔다이퀘스트 컨소시엄 ● 참가대상 - 인공지능, 학습용 데이터...",2022.10.28.
142,2022 대규모 OCR 인공지능 학습데이터 해커톤,"06.(일) - 주최 : 과학기술정보통신부, 한국지능정보사회진흥원 - 주관 : (주)엔에치엔다이퀘스트 컨소시엄 ● 참가대상 - 인공지능, 학습용 데이터...",2022.10.28.
143,2022 대규모 OCR 인공지능 학습데이터 해커톤,"06.(일) - 주최 : 과학기술정보통신부, 한국지능정보사회진흥원 - 주관 : (주)엔에치엔다이퀘스트 컨소시엄 ● 참가대상 - 인공지능, 학습용 데이터...",2022.10.28.
144,2022 대규모 OCR 인공지능 학습데이터 해커톤,"06.(일) - 주최 : 과학기술정보통신부, 한국지능정보사회진흥원 - 주관 : (주)엔에치엔다이퀘스트 컨소시엄 ● 참가대상 - 인공지능, 학습용 데이터...",2022.10.28.
145,2022 대규모 OCR 인공지능 학습데이터 해커톤,"06.(일) - 주최 : 과학기술정보통신부, 한국지능정보사회진흥원 - 주관 : (주)엔에치엔다이퀘스트 컨소시엄 ● 참가대상 - 인공지능, 학습용 데이터...",2022.10.28.
146,2022 대규모 OCR 인공지능 학습데이터 해커톤,"06.(일) - 주최 : 과학기술정보통신부, 한국지능정보사회진흥원 - 주관 : (주)엔에치엔다이퀘스트 컨소시엄 ● 참가대상 - 인공지능, 학습용 데이터...",2022.10.28.
147,2022 대규모 OCR 인공지능 학습데이터 해커톤,"06.(일) - 주최 : 과학기술정보통신부, 한국지능정보사회진흥원 - 주관 : (주)엔에치엔다이퀘스트 컨소시엄 ● 참가대상 - 인공지능, 학습용 데이터...",2022.10.28.
148,2022 대규모 OCR 인공지능 학습데이터 해커톤,"06.(일) - 주최 : 과학기술정보통신부, 한국지능정보사회진흥원 - 주관 : (주)엔에치엔다이퀘스트 컨소시엄 ● 참가대상 - 인공지능, 학습용 데이터...",2022.10.28.
149,2022 대규모 OCR 인공지능 학습데이터 해커톤,"06.(일) - 주최 : 과학기술정보통신부, 한국지능정보사회진흥원 - 주관 : (주)엔에치엔다이퀘스트 컨소시엄 ● 참가대상 - 인공지능, 학습용 데이터...",2022.10.28.
150,2022 대규모 OCR 인공지능 학습데이터 해커톤,"06.(일) - 주최 : 과학기술정보통신부, 한국지능정보사회진흥원 - 주관 : (주)엔에치엔다이퀘스트 컨소시엄 ● 참가대상 - 인공지능, 학습용 데이터...",2022.10.28.
151,2022 대규모 OCR 인공지능 학습데이터 해커톤,"06.(일) - 주최 : 과학기술정보통신부, 한국지능정보사회진흥원 - 주관 : (주)엔에치엔다이퀘스트 컨소시엄 ● 참가대상 - 인공지능, 학습용 데이터...",2022.10.28.
152,2022 대규모 OCR 인공지능 학습데이터 해커톤,"06.(일) - 주최 : 과학기술정보통신부, 한국지능정보사회진흥원 - 주관 : (주)엔에치엔다이퀘스트 컨소시엄 ● 참가대상 - 인공지능, 학습용 데이터...",2022.10.28.
153,2022 대규모 OCR 인공지능 학습데이터 해커톤,"06.(일) - 주최 : 과학기술정보통신부, 한국지능정보사회진흥원 - 주관 : (주)엔에치엔다이퀘스트 컨소시엄 ● 참가대상 - 인공지능, 학습용 데이터...",2022.10.28.
154,2022 대규모 OCR 인공지능 학습데이터 해커톤,"06.(일) - 주최 : 과학기술정보통신부, 한국지능정보사회진흥원 - 주관 : (주)엔에치엔다이퀘스트 컨소시엄 ● 참가대상 - 인공지능, 학습용 데이터...",2022.10.28.
155,2022 대규모 OCR 인공지능 학습데이터 해커톤,"06.(일) - 주최 : 과학기술정보통신부, 한국지능정보사회진흥원 - 주관 : (주)엔에치엔다이퀘스트 컨소시엄 ● 참가대상 - 인공지능, 학습용 데이터...",2022.10.28.
156,2022 대규모 OCR 인공지능 학습데이터 해커톤,"06.(일) - 주최 : 과학기술정보통신부, 한국지능정보사회진흥원 - 주관 : (주)엔에치엔다이퀘스트 컨소시엄 ● 참가대상 - 인공지능, 학습용 데이터...",2022.10.28.
157,2022 대규모 OCR 인공지능 학습데이터 해커톤,"06.(일) - 주최 : 과학기술정보통신부, 한국지능정보사회진흥원 - 주관 : (주)엔에치엔다이퀘스트 컨소시엄 ● 참가대상 - 인공지능, 학습용 데이터...",2022.10.28.
158,2022 대규모 OCR 인공지능 학습데이터 해커톤,"06.(일) - 주최 : 과학기술정보통신부, 한국지능정보사회진흥원 - 주관 : (주)엔에치엔다이퀘스트 컨소시엄 ● 참가대상 - 인공지능, 학습용 데이터...",2022.10.28.
159,2022 대규모 OCR 인공지능 학습데이터 해커톤,"06.(일) - 주최 : 과학기술정보통신부, 한국지능정보사회진흥원 - 주관 : (주)엔에치엔다이퀘스트 컨소시엄 ● 참가대상 - 인공지능, 학습용 데이터...",2022.10.28.
160,2022 대규모 OCR 인공지능 학습데이터 해커톤,"06.(일) - 주최 : 과학기술정보통신부, 한국지능정보사회진흥원 - 주관 : (주)엔에치엔다이퀘스트 컨소시엄 ● 참가대상 - 인공지능, 학습용 데이터...",2022.10.28.
161,2022 대규모 OCR 인공지능 학습데이터 해커톤,"06.(일) - 주최 : 과학기술정보통신부, 한국지능정보사회진흥원 - 주관 : (주)엔에치엔다이퀘스트 컨소시엄 ● 참가대상 - 인공지능, 학습용 데이터...",2022.10.28.
162,2022 대규모 OCR 인공지능 학습데이터 해커톤,"06.(일) - 주최 : 과학기술정보통신부, 한국지능정보사회진흥원 - 주관 : (주)엔에치엔다이퀘스트 컨소시엄 ● 참가대상 - 인공지능, 학습용 데이터...",2022.10.28.
163,2022 대규모 OCR 인공지능 학습데이터 해커톤,"06.(일) - 주최 : 과학기술정보통신부, 한국지능정보사회진흥원 - 주관 : (주)엔에치엔다이퀘스트 컨소시엄 ● 참가대상 - 인공지능, 학습용 데이터...",2022.10.28.
164,2022 대규모 OCR 인공지능 학습데이터 해커톤,"06.(일) - 주최 : 과학기술정보통신부, 한국지능정보사회진흥원 - 주관 : (주)엔에치엔다이퀘스트 컨소시엄 ● 참가대상 - 인공지능, 학습용 데이터...",2022.10.28.
165,2022 대규모 OCR 인공지능 학습데이터 해커톤,"06.(일) - 주최 : 과학기술정보통신부, 한국지능정보사회진흥원 - 주관 : (주)엔에치엔다이퀘스트 컨소시엄 ● 참가대상 - 인공지능, 학습용 데이터...",2022.10.28.
166,2022 대규모 OCR 인공지능 학습데이터 해커톤,"06.(일) - 주최 : 과학기술정보통신부, 한국지능정보사회진흥원 - 주관 : (주)엔에치엔다이퀘스트 컨소시엄 ● 참가대상 - 인공지능, 학습용 데이터...",2022.10.28.
167,2022 대규모 OCR 인공지능 학습데이터 해커톤,"06.(일) - 주최 : 과학기술정보통신부, 한국지능정보사회진흥원 - 주관 : (주)엔에치엔다이퀘스트 컨소시엄 ● 참가대상 - 인공지능, 학습용 데이터...",2022.10.28.
168,2022 대규모 OCR 인공지능 학습데이터 해커톤,"06.(일) - 주최 : 과학기술정보통신부, 한국지능정보사회진흥원 - 주관 : (주)엔에치엔다이퀘스트 컨소시엄 ● 참가대상 - 인공지능, 학습용 데이터...",2022.10.28.
169,2022 대규모 OCR 인공지능 학습데이터 해커톤,"06.(일) - 주최 : 과학기술정보통신부, 한국지능정보사회진흥원 - 주관 : (주)엔에치엔다이퀘스트 컨소시엄 ● 참가대상 - 인공지능, 학습용 데이터...",2022.10.28.
170,2022 대규모 OCR 인공지능 학습데이터 해커톤,"06.(일) - 주최 : 과학기술정보통신부, 한국지능정보사회진흥원 - 주관 : (주)엔에치엔다이퀘스트 컨소시엄 ● 참가대상 - 인공지능, 학습용 데이터...",2022.10.28.
171,2022 대규모 OCR 인공지능 학습데이터 해커톤,"06.(일) - 주최 : 과학기술정보통신부, 한국지능정보사회진흥원 - 주관 : (주)엔에치엔다이퀘스트 컨소시엄 ● 참가대상 - 인공지능, 학습용 데이터...",2022.10.28.
172,2022 대규모 OCR 인공지능 학습데이터 해커톤,"06.(일) - 주최 : 과학기술정보통신부, 한국지능정보사회진흥원 - 주관 : (주)엔에치엔다이퀘스트 컨소시엄 ● 참가대상 - 인공지능, 학습용 데이터...",2022.10.28.
173,2022 대규모 OCR 인공지능 학습데이터 해커톤,"06.(일) - 주최 : 과학기술정보통신부, 한국지능정보사회진흥원 - 주관 : (주)엔에치엔다이퀘스트 컨소시엄 ● 참가대상 - 인공지능, 학습용 데이터...",2022.10.28.
174,2022 대규모 OCR 인공지능 학습데이터 해커톤,"06.(일) - 주최 : 과학기술정보통신부, 한국지능정보사회진흥원 - 주관 : (주)엔에치엔다이퀘스트 컨소시엄 ● 참가대상 - 인공지능, 학습용 데이터...",2022.10.28.
175,2022 대규모 OCR 인공지능 학습데이터 해커톤,"06.(일) - 주최 : 과학기술정보통신부, 한국지능정보사회진흥원 - 주관 : (주)엔에치엔다이퀘스트 컨소시엄 ● 참가대상 - 인공지능, 학습용 데이터...",2022.10.28.
176,2022 대규모 OCR 인공지능 학습데이터 해커톤,"06.(일) - 주최 : 과학기술정보통신부, 한국지능정보사회진흥원 - 주관 : (주)엔에치엔다이퀘스트 컨소시엄 ● 참가대상 - 인공지능, 학습용 데이터...",2022.10.28.
177,2022 대규모 OCR 인공지능 학습데이터 해커톤,"06.(일) - 주최 : 과학기술정보통신부, 한국지능정보사회진흥원 - 주관 : (주)엔에치엔다이퀘스트 컨소시엄 ● 참가대상 - 인공지능, 학습용 데이터...",2022.10.28.
178,2022 대규모 OCR 인공지능 학습데이터 해커톤,"06.(일) - 주최 : 과학기술정보통신부, 한국지능정보사회진흥원 - 주관 : (주)엔에치엔다이퀘스트 컨소시엄 ● 참가대상 - 인공지능, 학습용 데이터...",2022.10.28.
179,2022 대규모 OCR 인공지능 학습데이터 해커톤,"06.(일) - 주최 : 과학기술정보통신부, 한국지능정보사회진흥원 - 주관 : (주)엔에치엔다이퀘스트 컨소시엄 ● 참가대상 - 인공지능, 학습용 데이터...",2022.10.28.
180,2022 대규모 OCR 인공지능 학습데이터 해커톤,"06.(일) - 주최 : 과학기술정보통신부, 한국지능정보사회진흥원 - 주관 : (주)엔에치엔다이퀘스트 컨소시엄 ● 참가대상 - 인공지능, 학습용 데이터...",2022.10.28.
181,2022 대규모 OCR 인공지능 학습데이터 해커톤,"06.(일) - 주최 : 과학기술정보통신부, 한국지능정보사회진흥원 - 주관 : (주)엔에치엔다이퀘스트 컨소시엄 ● 참가대상 - 인공지능, 학습용 데이터...",2022.10.28.
182,2022 대규모 OCR 인공지능 학습데이터 해커톤,"06.(일) - 주최 : 과학기술정보통신부, 한국지능정보사회진흥원 - 주관 : (주)엔에치엔다이퀘스트 컨소시엄 ● 참가대상 - 인공지능, 학습용 데이터...",2022.10.28.
183,2022 대규모 OCR 인공지능 학습데이터 해커톤,"06.(일) - 주최 : 과학기술정보통신부, 한국지능정보사회진흥원 - 주관 : (주)엔에치엔다이퀘스트 컨소시엄 ● 참가대상 - 인공지능, 학습용 데이터...",2022.10.28.
184,2022 대규모 OCR 인공지능 학습데이터 해커톤,"06.(일) - 주최 : 과학기술정보통신부, 한국지능정보사회진흥원 - 주관 : (주)엔에치엔다이퀘스트 컨소시엄 ● 참가대상 - 인공지능, 학습용 데이터...",2022.10.28.
185,2022 대규모 OCR 인공지능 학습데이터 해커톤,"06.(일) - 주최 : 과학기술정보통신부, 한국지능정보사회진흥원 - 주관 : (주)엔에치엔다이퀘스트 컨소시엄 ● 참가대상 - 인공지능, 학습용 데이터...",2022.10.28.
186,2022 대규모 OCR 인공지능 학습데이터 해커톤,"06.(일) - 주최 : 과학기술정보통신부, 한국지능정보사회진흥원 - 주관 : (주)엔에치엔다이퀘스트 컨소시엄 ● 참가대상 - 인공지능, 학습용 데이터...",2022.10.28.
187,2022 대규모 OCR 인공지능 학습데이터 해커톤,"06.(일) - 주최 : 과학기술정보통신부, 한국지능정보사회진흥원 - 주관 : (주)엔에치엔다이퀘스트 컨소시엄 ● 참가대상 - 인공지능, 학습용 데이터...",2022.10.28.
188,2022 대규모 OCR 인공지능 학습데이터 해커톤,"06.(일) - 주최 : 과학기술정보통신부, 한국지능정보사회진흥원 - 주관 : (주)엔에치엔다이퀘스트 컨소시엄 ● 참가대상 - 인공지능, 학습용 데이터...",2022.10.28.
189,2022 대규모 OCR 인공지능 학습데이터 해커톤,"06.(일) - 주최 : 과학기술정보통신부, 한국지능정보사회진흥원 - 주관 : (주)엔에치엔다이퀘스트 컨소시엄 ● 참가대상 - 인공지능, 학습용 데이터...",2022.10.28.
190,2022 대규모 OCR 인공지능 학습데이터 해커톤,"06.(일) - 주최 : 과학기술정보통신부, 한국지능정보사회진흥원 - 주관 : (주)엔에치엔다이퀘스트 컨소시엄 ● 참가대상 - 인공지능, 학습용 데이터...",2022.10.28.
191,2022 대규모 OCR 인공지능 학습데이터 해커톤,"06.(일) - 주최 : 과학기술정보통신부, 한국지능정보사회진흥원 - 주관 : (주)엔에치엔다이퀘스트 컨소시엄 ● 참가대상 - 인공지능, 학습용 데이터...",2022.10.28.
192,2022 대규모 OCR 인공지능 학습데이터 해커톤,"06.(일) - 주최 : 과학기술정보통신부, 한국지능정보사회진흥원 - 주관 : (주)엔에치엔다이퀘스트 컨소시엄 ● 참가대상 - 인공지능, 학습용 데이터...",2022.10.28.
193,2022 대규모 OCR 인공지능 학습데이터 해커톤,"06.(일) - 주최 : 과학기술정보통신부, 한국지능정보사회진흥원 - 주관 : (주)엔에치엔다이퀘스트 컨소시엄 ● 참가대상 - 인공지능, 학습용 데이터...",2022.10.28.
194,2022 대규모 OCR 인공지능 학습데이터 해커톤,"06.(일) - 주최 : 과학기술정보통신부, 한국지능정보사회진흥원 - 주관 : (주)엔에치엔다이퀘스트 컨소시엄 ● 참가대상 - 인공지능, 학습용 데이터...",2022.10.28.
195,2022 대규모 OCR 인공지능 학습데이터 해커톤,"06.(일) - 주최 : 과학기술정보통신부, 한국지능정보사회진흥원 - 주관 : (주)엔에치엔다이퀘스트 컨소시엄 ● 참가대상 - 인공지능, 학습용 데이터...",2022.10.28.
196,2022 대규모 OCR 인공지능 학습데이터 해커톤,"06.(일) - 주최 : 과학기술정보통신부, 한국지능정보사회진흥원 - 주관 : (주)엔에치엔다이퀘스트 컨소시엄 ● 참가대상 - 인공지능, 학습용 데이터...",2022.10.28.
197,2022 대규모 OCR 인공지능 학습데이터 해커톤,"06.(일) - 주최 : 과학기술정보통신부, 한국지능정보사회진흥원 - 주관 : (주)엔에치엔다이퀘스트 컨소시엄 ● 참가대상 - 인공지능, 학습용 데이터...",2022.10.28.
198,2022 대규모 OCR 인공지능 학습데이터 해커톤,"06.(일) - 주최 : 과학기술정보통신부, 한국지능정보사회진흥원 - 주관 : (주)엔에치엔다이퀘스트 컨소시엄 ● 참가대상 - 인공지능, 학습용 데이터...",2022.10.28.
199,2022 대규모 OCR 인공지능 학습데이터 해커톤,"06.(일) - 주최 : 과학기술정보통신부, 한국지능정보사회진흥원 - 주관 : (주)엔에치엔다이퀘스트 컨소시엄 ● 참가대상 - 인공지능, 학습용 데이터...",2022.10.28.
200,2022 대규모 OCR 인공지능 학습데이터 해커톤,"06.(일) - 주최 : 과학기술정보통신부, 한국지능정보사회진흥원 - 주관 : (주)엔에치엔다이퀘스트 컨소시엄 ● 참가대상 - 인공지능, 학습용 데이터...",2022.10.28.
201,2022 대규모 OCR 인공지능 학습데이터 해커톤,"06.(일) - 주최 : 과학기술정보통신부, 한국지능정보사회진흥원 - 주관 : (주)엔에치엔다이퀘스트 컨소시엄 ● 참가대상 - 인공지능, 학습용 데이터...",2022.10.28.
202,2022 대규모 OCR 인공지능 학습데이터 해커톤,"06.(일) - 주최 : 과학기술정보통신부, 한국지능정보사회진흥원 - 주관 : (주)엔에치엔다이퀘스트 컨소시엄 ● 참가대상 - 인공지능, 학습용 데이터...",2022.10.28.
203,2022 대규모 OCR 인공지능 학습데이터 해커톤,"06.(일) - 주최 : 과학기술정보통신부, 한국지능정보사회진흥원 - 주관 : (주)엔에치엔다이퀘스트 컨소시엄 ● 참가대상 - 인공지능, 학습용 데이터...",2022.10.28.
204,2022 대규모 OCR 인공지능 학습데이터 해커톤,"06.(일) - 주최 : 과학기술정보통신부, 한국지능정보사회진흥원 - 주관 : (주)엔에치엔다이퀘스트 컨소시엄 ● 참가대상 - 인공지능, 학습용 데이터...",2022.10.28.
205,2022 대규모 OCR 인공지능 학습데이터 해커톤,"06.(일) - 주최 : 과학기술정보통신부, 한국지능정보사회진흥원 - 주관 : (주)엔에치엔다이퀘스트 컨소시엄 ● 참가대상 - 인공지능, 학습용 데이터...",2022.10.28.
206,2022 대규모 OCR 인공지능 학습데이터 해커톤,"06.(일) - 주최 : 과학기술정보통신부, 한국지능정보사회진흥원 - 주관 : (주)엔에치엔다이퀘스트 컨소시엄 ● 참가대상 - 인공지능, 학습용 데이터...",2022.10.28.
207,2022 대규모 OCR 인공지능 학습데이터 해커톤,"06.(일) - 주최 : 과학기술정보통신부, 한국지능정보사회진흥원 - 주관 : (주)엔에치엔다이퀘스트 컨소시엄 ● 참가대상 - 인공지능, 학습용 데이터...",2022.10.28.
208,2022 대규모 OCR 인공지능 학습데이터 해커톤,"06.(일) - 주최 : 과학기술정보통신부, 한국지능정보사회진흥원 - 주관 : (주)엔에치엔다이퀘스트 컨소시엄 ● 참가대상 - 인공지능, 학습용 데이터...",2022.10.28.
209,2022 대규모 OCR 인공지능 학습데이터 해커톤,"06.(일) - 주최 : 과학기술정보통신부, 한국지능정보사회진흥원 - 주관 : (주)엔에치엔다이퀘스트 컨소시엄 ● 참가대상 - 인공지능, 학습용 데이터...",2022.10.28.
210,2022 대규모 OCR 인공지능 학습데이터 해커톤,"06.(일) - 주최 : 과학기술정보통신부, 한국지능정보사회진흥원 - 주관 : (주)엔에치엔다이퀘스트 컨소시엄 ● 참가대상 - 인공지능, 학습용 데이터...",2022.10.28.
211,2022 대규모 OCR 인공지능 학습데이터 해커톤,"06.(일) - 주최 : 과학기술정보통신부, 한국지능정보사회진흥원 - 주관 : (주)엔에치엔다이퀘스트 컨소시엄 ● 참가대상 - 인공지능, 학습용 데이터...",2022.10.28.
212,2022 대규모 OCR 인공지능 학습데이터 해커톤,"06.(일) - 주최 : 과학기술정보통신부, 한국지능정보사회진흥원 - 주관 : (주)엔에치엔다이퀘스트 컨소시엄 ● 참가대상 - 인공지능, 학습용 데이터...",2022.10.28.
213,2022 대규모 OCR 인공지능 학습데이터 해커톤,"06.(일) - 주최 : 과학기술정보통신부, 한국지능정보사회진흥원 - 주관 : (주)엔에치엔다이퀘스트 컨소시엄 ● 참가대상 - 인공지능, 학습용 데이터...",2022.10.28.
214,2022 대규모 OCR 인공지능 학습데이터 해커톤,"06.(일) - 주최 : 과학기술정보통신부, 한국지능정보사회진흥원 - 주관 : (주)엔에치엔다이퀘스트 컨소시엄 ● 참가대상 - 인공지능, 학습용 데이터...",2022.10.28.
215,2022 대규모 OCR 인공지능 학습데이터 해커톤,"06.(일) - 주최 : 과학기술정보통신부, 한국지능정보사회진흥원 - 주관 : (주)엔에치엔다이퀘스트 컨소시엄 ● 참가대상 - 인공지능, 학습용 데이터...",2022.10.28.
216,2022 대규모 OCR 인공지능 학습데이터 해커톤,"06.(일) - 주최 : 과학기술정보통신부, 한국지능정보사회진흥원 - 주관 : (주)엔에치엔다이퀘스트 컨소시엄 ● 참가대상 - 인공지능, 학습용 데이터...",2022.10.28.
217,2022 대규모 OCR 인공지능 학습데이터 해커톤,"06.(일) - 주최 : 과학기술정보통신부, 한국지능정보사회진흥원 - 주관 : (주)엔에치엔다이퀘스트 컨소시엄 ● 참가대상 - 인공지능, 학습용 데이터...",2022.10.28.
218,2022 대규모 OCR 인공지능 학습데이터 해커톤,"06.(일) - 주최 : 과학기술정보통신부, 한국지능정보사회진흥원 - 주관 : (주)엔에치엔다이퀘스트 컨소시엄 ● 참가대상 - 인공지능, 학습용 데이터...",2022.10.28.
219,2022 대규모 OCR 인공지능 학습데이터 해커톤,"06.(일) - 주최 : 과학기술정보통신부, 한국지능정보사회진흥원 - 주관 : (주)엔에치엔다이퀘스트 컨소시엄 ● 참가대상 - 인공지능, 학습용 데이터...",2022.10.28.
220,2022 대규모 OCR 인공지능 학습데이터 해커톤,"06.(일) - 주최 : 과학기술정보통신부, 한국지능정보사회진흥원 - 주관 : (주)엔에치엔다이퀘스트 컨소시엄 ● 참가대상 - 인공지능, 학습용 데이터...",2022.10.28.
221,2022 대규모 OCR 인공지능 학습데이터 해커톤,"06.(일) - 주최 : 과학기술정보통신부, 한국지능정보사회진흥원 - 주관 : (주)엔에치엔다이퀘스트 컨소시엄 ● 참가대상 - 인공지능, 학습용 데이터...",2022.10.28.
222,2022 대규모 OCR 인공지능 학습데이터 해커톤,"06.(일) - 주최 : 과학기술정보통신부, 한국지능정보사회진흥원 - 주관 : (주)엔에치엔다이퀘스트 컨소시엄 ● 참가대상 - 인공지능, 학습용 데이터...",2022.10.28.
223,2022 대규모 OCR 인공지능 학습데이터 해커톤,"06.(일) - 주최 : 과학기술정보통신부, 한국지능정보사회진흥원 - 주관 : (주)엔에치엔다이퀘스트 컨소시엄 ● 참가대상 - 인공지능, 학습용 데이터...",2022.10.28.
224,2022 대규모 OCR 인공지능 학습데이터 해커톤,"06.(일) - 주최 : 과학기술정보통신부, 한국지능정보사회진흥원 - 주관 : (주)엔에치엔다이퀘스트 컨소시엄 ● 참가대상 - 인공지능, 학습용 데이터...",2022.10.28.
225,2022 대규모 OCR 인공지능 학습데이터 해커톤,"06.(일) - 주최 : 과학기술정보통신부, 한국지능정보사회진흥원 - 주관 : (주)엔에치엔다이퀘스트 컨소시엄 ● 참가대상 - 인공지능, 학습용 데이터...",2022.10.28.
226,2022 대규모 OCR 인공지능 학습데이터 해커톤,"06.(일) - 주최 : 과학기술정보통신부, 한국지능정보사회진흥원 - 주관 : (주)엔에치엔다이퀘스트 컨소시엄 ● 참가대상 - 인공지능, 학습용 데이터...",2022.10.28.
227,2022 대규모 OCR 인공지능 학습데이터 해커톤,"06.(일) - 주최 : 과학기술정보통신부, 한국지능정보사회진흥원 - 주관 : (주)엔에치엔다이퀘스트 컨소시엄 ● 참가대상 - 인공지능, 학습용 데이터...",2022.10.28.
228,2022 대규모 OCR 인공지능 학습데이터 해커톤,"06.(일) - 주최 : 과학기술정보통신부, 한국지능정보사회진흥원 - 주관 : (주)엔에치엔다이퀘스트 컨소시엄 ● 참가대상 - 인공지능, 학습용 데이터...",2022.10.28.
229,2022 대규모 OCR 인공지능 학습데이터 해커톤,"06.(일) - 주최 : 과학기술정보통신부, 한국지능정보사회진흥원 - 주관 : (주)엔에치엔다이퀘스트 컨소시엄 ● 참가대상 - 인공지능, 학습용 데이터...",2022.10.28.
230,2022 대규모 OCR 인공지능 학습데이터 해커톤,"06.(일) - 주최 : 과학기술정보통신부, 한국지능정보사회진흥원 - 주관 : (주)엔에치엔다이퀘스트 컨소시엄 ● 참가대상 - 인공지능, 학습용 데이터...",2022.10.28.
231,2022 대규모 OCR 인공지능 학습데이터 해커톤,"06.(일) - 주최 : 과학기술정보통신부, 한국지능정보사회진흥원 - 주관 : (주)엔에치엔다이퀘스트 컨소시엄 ● 참가대상 - 인공지능, 학습용 데이터...",2022.10.28.
232,2022 대규모 OCR 인공지능 학습데이터 해커톤,"06.(일) - 주최 : 과학기술정보통신부, 한국지능정보사회진흥원 - 주관 : (주)엔에치엔다이퀘스트 컨소시엄 ● 참가대상 - 인공지능, 학습용 데이터...",2022.10.28.
233,2022 대규모 OCR 인공지능 학습데이터 해커톤,"06.(일) - 주최 : 과학기술정보통신부, 한국지능정보사회진흥원 - 주관 : (주)엔에치엔다이퀘스트 컨소시엄 ● 참가대상 - 인공지능, 학습용 데이터...",2022.10.28.
234,2022 대규모 OCR 인공지능 학습데이터 해커톤,"06.(일) - 주최 : 과학기술정보통신부, 한국지능정보사회진흥원 - 주관 : (주)엔에치엔다이퀘스트 컨소시엄 ● 참가대상 - 인공지능, 학습용 데이터...",2022.10.28.
235,2022 대규모 OCR 인공지능 학습데이터 해커톤,"06.(일) - 주최 : 과학기술정보통신부, 한국지능정보사회진흥원 - 주관 : (주)엔에치엔다이퀘스트 컨소시엄 ● 참가대상 - 인공지능, 학습용 데이터...",2022.10.28.
236,2022 대규모 OCR 인공지능 학습데이터 해커톤,"06.(일) - 주최 : 과학기술정보통신부, 한국지능정보사회진흥원 - 주관 : (주)엔에치엔다이퀘스트 컨소시엄 ● 참가대상 - 인공지능, 학습용 데이터...",2022.10.28.
237,2022 대규모 OCR 인공지능 학습데이터 해커톤,"06.(일) - 주최 : 과학기술정보통신부, 한국지능정보사회진흥원 - 주관 : (주)엔에치엔다이퀘스트 컨소시엄 ● 참가대상 - 인공지능, 학습용 데이터...",2022.10.28.
238,2022 대규모 OCR 인공지능 학습데이터 해커톤,"06.(일) - 주최 : 과학기술정보통신부, 한국지능정보사회진흥원 - 주관 : (주)엔에치엔다이퀘스트 컨소시엄 ● 참가대상 - 인공지능, 학습용 데이터...",2022.10.28.
239,2022 대규모 OCR 인공지능 학습데이터 해커톤,"06.(일) - 주최 : 과학기술정보통신부, 한국지능정보사회진흥원 - 주관 : (주)엔에치엔다이퀘스트 컨소시엄 ● 참가대상 - 인공지능, 학습용 데이터...",2022.10.28.
240,2022 대규모 OCR 인공지능 학습데이터 해커톤,"06.(일) - 주최 : 과학기술정보통신부, 한국지능정보사회진흥원 - 주관 : (주)엔에치엔다이퀘스트 컨소시엄 ● 참가대상 - 인공지능, 학습용 데이터...",2022.10.28.
241,2022 대규모 OCR 인공지능 학습데이터 해커톤,"06.(일) - 주최 : 과학기술정보통신부, 한국지능정보사회진흥원 - 주관 : (주)엔에치엔다이퀘스트 컨소시엄 ● 참가대상 - 인공지능, 학습용 데이터...",2022.10.28.
242,2022 대규모 OCR 인공지능 학습데이터 해커톤,"06.(일) - 주최 : 과학기술정보통신부, 한국지능정보사회진흥원 - 주관 : (주)엔에치엔다이퀘스트 컨소시엄 ● 참가대상 - 인공지능, 학습용 데이터...",2022.10.28.
243,2022 대규모 OCR 인공지능 학습데이터 해커톤,"06.(일) - 주최 : 과학기술정보통신부, 한국지능정보사회진흥원 - 주관 : (주)엔에치엔다이퀘스트 컨소시엄 ● 참가대상 - 인공지능, 학습용 데이터...",2022.10.28.
244,2022 대규모 OCR 인공지능 학습데이터 해커톤,"06.(일) - 주최 : 과학기술정보통신부, 한국지능정보사회진흥원 - 주관 : (주)엔에치엔다이퀘스트 컨소시엄 ● 참가대상 - 인공지능, 학습용 데이터...",2022.10.28.
245,2022 대규모 OCR 인공지능 학습데이터 해커톤,"06.(일) - 주최 : 과학기술정보통신부, 한국지능정보사회진흥원 - 주관 : (주)엔에치엔다이퀘스트 컨소시엄 ● 참가대상 - 인공지능, 학습용 데이터...",2022.10.28.
246,2022 대규모 OCR 인공지능 학습데이터 해커톤,"06.(일) - 주최 : 과학기술정보통신부, 한국지능정보사회진흥원 - 주관 : (주)엔에치엔다이퀘스트 컨소시엄 ● 참가대상 - 인공지능, 학습용 데이터...",2022.10.28.
247,2022 대규모 OCR 인공지능 학습데이터 해커톤,"06.(일) - 주최 : 과학기술정보통신부, 한국지능정보사회진흥원 - 주관 : (주)엔에치엔다이퀘스트 컨소시엄 ● 참가대상 - 인공지능, 학습용 데이터...",2022.10.28.
248,2022 대규모 OCR 인공지능 학습데이터 해커톤,"06.(일) - 주최 : 과학기술정보통신부, 한국지능정보사회진흥원 - 주관 : (주)엔에치엔다이퀘스트 컨소시엄 ● 참가대상 - 인공지능, 학습용 데이터...",2022.10.28.
249,2022 대규모 OCR 인공지능 학습데이터 해커톤,"06.(일) - 주최 : 과학기술정보통신부, 한국지능정보사회진흥원 - 주관 : (주)엔에치엔다이퀘스트 컨소시엄 ● 참가대상 - 인공지능, 학습용 데이터...",2022.10.28.
250,2022 대규모 OCR 인공지능 학습데이터 해커톤,"06.(일) - 주최 : 과학기술정보통신부, 한국지능정보사회진흥원 - 주관 : (주)엔에치엔다이퀘스트 컨소시엄 ● 참가대상 - 인공지능, 학습용 데이터...",2022.10.28.
251,2022 대규모 OCR 인공지능 학습데이터 해커톤,"06.(일) - 주최 : 과학기술정보통신부, 한국지능정보사회진흥원 - 주관 : (주)엔에치엔다이퀘스트 컨소시엄 ● 참가대상 - 인공지능, 학습용 데이터...",2022.10.28.
252,2022 대규모 OCR 인공지능 학습데이터 해커톤,"06.(일) - 주최 : 과학기술정보통신부, 한국지능정보사회진흥원 - 주관 : (주)엔에치엔다이퀘스트 컨소시엄 ● 참가대상 - 인공지능, 학습용 데이터...",2022.10.28.
253,2022 대규모 OCR 인공지능 학습데이터 해커톤,"06.(일) - 주최 : 과학기술정보통신부, 한국지능정보사회진흥원 - 주관 : (주)엔에치엔다이퀘스트 컨소시엄 ● 참가대상 - 인공지능, 학습용 데이터...",2022.10.28.
254,2022 대규모 OCR 인공지능 학습데이터 해커톤,"06.(일) - 주최 : 과학기술정보통신부, 한국지능정보사회진흥원 - 주관 : (주)엔에치엔다이퀘스트 컨소시엄 ● 참가대상 - 인공지능, 학습용 데이터...",2022.10.28.
255,2022 대규모 OCR 인공지능 학습데이터 해커톤,"06.(일) - 주최 : 과학기술정보통신부, 한국지능정보사회진흥원 - 주관 : (주)엔에치엔다이퀘스트 컨소시엄 ● 참가대상 - 인공지능, 학습용 데이터...",2022.10.28.
256,2022 대규모 OCR 인공지능 학습데이터 해커톤,"06.(일) - 주최 : 과학기술정보통신부, 한국지능정보사회진흥원 - 주관 : (주)엔에치엔다이퀘스트 컨소시엄 ● 참가대상 - 인공지능, 학습용 데이터...",2022.10.28.
257,2022 대규모 OCR 인공지능 학습데이터 해커톤,"06.(일) - 주최 : 과학기술정보통신부, 한국지능정보사회진흥원 - 주관 : (주)엔에치엔다이퀘스트 컨소시엄 ● 참가대상 - 인공지능, 학습용 데이터...",2022.10.28.
258,2022 대규모 OCR 인공지능 학습데이터 해커톤,"06.(일) - 주최 : 과학기술정보통신부, 한국지능정보사회진흥원 - 주관 : (주)엔에치엔다이퀘스트 컨소시엄 ● 참가대상 - 인공지능, 학습용 데이터...",2022.10.28.
259,2022 대규모 OCR 인공지능 학습데이터 해커톤,"06.(일) - 주최 : 과학기술정보통신부, 한국지능정보사회진흥원 - 주관 : (주)엔에치엔다이퀘스트 컨소시엄 ● 참가대상 - 인공지능, 학습용 데이터...",2022.10.28.
260,2022 대규모 OCR 인공지능 학습데이터 해커톤,"06.(일) - 주최 : 과학기술정보통신부, 한국지능정보사회진흥원 - 주관 : (주)엔에치엔다이퀘스트 컨소시엄 ● 참가대상 - 인공지능, 학습용 데이터...",2022.10.28.
261,2022 대규모 OCR 인공지능 학습데이터 해커톤,"06.(일) - 주최 : 과학기술정보통신부, 한국지능정보사회진흥원 - 주관 : (주)엔에치엔다이퀘스트 컨소시엄 ● 참가대상 - 인공지능, 학습용 데이터...",2022.10.28.
262,2022 대규모 OCR 인공지능 학습데이터 해커톤,"06.(일) - 주최 : 과학기술정보통신부, 한국지능정보사회진흥원 - 주관 : (주)엔에치엔다이퀘스트 컨소시엄 ● 참가대상 - 인공지능, 학습용 데이터...",2022.10.28.
263,2022 대규모 OCR 인공지능 학습데이터 해커톤,"06.(일) - 주최 : 과학기술정보통신부, 한국지능정보사회진흥원 - 주관 : (주)엔에치엔다이퀘스트 컨소시엄 ● 참가대상 - 인공지능, 학습용 데이터...",2022.10.28.
264,2022 대규모 OCR 인공지능 학습데이터 해커톤,"06.(일) - 주최 : 과학기술정보통신부, 한국지능정보사회진흥원 - 주관 : (주)엔에치엔다이퀘스트 컨소시엄 ● 참가대상 - 인공지능, 학습용 데이터...",2022.10.28.
265,2022 대규모 OCR 인공지능 학습데이터 해커톤,"06.(일) - 주최 : 과학기술정보통신부, 한국지능정보사회진흥원 - 주관 : (주)엔에치엔다이퀘스트 컨소시엄 ● 참가대상 - 인공지능, 학습용 데이터...",2022.10.28.
266,2022 대규모 OCR 인공지능 학습데이터 해커톤,"06.(일) - 주최 : 과학기술정보통신부, 한국지능정보사회진흥원 - 주관 : (주)엔에치엔다이퀘스트 컨소시엄 ● 참가대상 - 인공지능, 학습용 데이터...",2022.10.28.
267,2022 대규모 OCR 인공지능 학습데이터 해커톤,"06.(일) - 주최 : 과학기술정보통신부, 한국지능정보사회진흥원 - 주관 : (주)엔에치엔다이퀘스트 컨소시엄 ● 참가대상 - 인공지능, 학습용 데이터...",2022.10.28.
268,2022 대규모 OCR 인공지능 학습데이터 해커톤,"06.(일) - 주최 : 과학기술정보통신부, 한국지능정보사회진흥원 - 주관 : (주)엔에치엔다이퀘스트 컨소시엄 ● 참가대상 - 인공지능, 학습용 데이터...",2022.10.28.
269,2022 대규모 OCR 인공지능 학습데이터 해커톤,"06.(일) - 주최 : 과학기술정보통신부, 한국지능정보사회진흥원 - 주관 : (주)엔에치엔다이퀘스트 컨소시엄 ● 참가대상 - 인공지능, 학습용 데이터...",2022.10.28.
270,2022 대규모 OCR 인공지능 학습데이터 해커톤,"06.(일) - 주최 : 과학기술정보통신부, 한국지능정보사회진흥원 - 주관 : (주)엔에치엔다이퀘스트 컨소시엄 ● 참가대상 - 인공지능, 학습용 데이터...",2022.10.28.
271,2022 대규모 OCR 인공지능 학습데이터 해커톤,"06.(일) - 주최 : 과학기술정보통신부, 한국지능정보사회진흥원 - 주관 : (주)엔에치엔다이퀘스트 컨소시엄 ● 참가대상 - 인공지능, 학습용 데이터...",2022.10.28.
272,2022 대규모 OCR 인공지능 학습데이터 해커톤,"06.(일) - 주최 : 과학기술정보통신부, 한국지능정보사회진흥원 - 주관 : (주)엔에치엔다이퀘스트 컨소시엄 ● 참가대상 - 인공지능, 학습용 데이터...",2022.10.28.
273,2022 대규모 OCR 인공지능 학습데이터 해커톤,"06.(일) - 주최 : 과학기술정보통신부, 한국지능정보사회진흥원 - 주관 : (주)엔에치엔다이퀘스트 컨소시엄 ● 참가대상 - 인공지능, 학습용 데이터...",2022.10.28.
274,2022 대규모 OCR 인공지능 학습데이터 해커톤,"06.(일) - 주최 : 과학기술정보통신부, 한국지능정보사회진흥원 - 주관 : (주)엔에치엔다이퀘스트 컨소시엄 ● 참가대상 - 인공지능, 학습용 데이터...",2022.10.28.
275,2022 대규모 OCR 인공지능 학습데이터 해커톤,"06.(일) - 주최 : 과학기술정보통신부, 한국지능정보사회진흥원 - 주관 : (주)엔에치엔다이퀘스트 컨소시엄 ● 참가대상 - 인공지능, 학습용 데이터...",2022.10.28.
276,2022 대규모 OCR 인공지능 학습데이터 해커톤,"06.(일) - 주최 : 과학기술정보통신부, 한국지능정보사회진흥원 - 주관 : (주)엔에치엔다이퀘스트 컨소시엄 ● 참가대상 - 인공지능, 학습용 데이터...",2022.10.28.
277,2022 대규모 OCR 인공지능 학습데이터 해커톤,"06.(일) - 주최 : 과학기술정보통신부, 한국지능정보사회진흥원 - 주관 : (주)엔에치엔다이퀘스트 컨소시엄 ● 참가대상 - 인공지능, 학습용 데이터...",2022.10.28.
278,2022 대규모 OCR 인공지능 학습데이터 해커톤,"06.(일) - 주최 : 과학기술정보통신부, 한국지능정보사회진흥원 - 주관 : (주)엔에치엔다이퀘스트 컨소시엄 ● 참가대상 - 인공지능, 학습용 데이터...",2022.10.28.
279,2022 대규모 OCR 인공지능 학습데이터 해커톤,"06.(일) - 주최 : 과학기술정보통신부, 한국지능정보사회진흥원 - 주관 : (주)엔에치엔다이퀘스트 컨소시엄 ● 참가대상 - 인공지능, 학습용 데이터...",2022.10.28.
280,2022 대규모 OCR 인공지능 학습데이터 해커톤,"06.(일) - 주최 : 과학기술정보통신부, 한국지능정보사회진흥원 - 주관 : (주)엔에치엔다이퀘스트 컨소시엄 ● 참가대상 - 인공지능, 학습용 데이터...",2022.10.28.
281,2022 대규모 OCR 인공지능 학습데이터 해커톤,"06.(일) - 주최 : 과학기술정보통신부, 한국지능정보사회진흥원 - 주관 : (주)엔에치엔다이퀘스트 컨소시엄 ● 참가대상 - 인공지능, 학습용 데이터...",2022.10.28.
282,2022 대규모 OCR 인공지능 학습데이터 해커톤,"06.(일) - 주최 : 과학기술정보통신부, 한국지능정보사회진흥원 - 주관 : (주)엔에치엔다이퀘스트 컨소시엄 ● 참가대상 - 인공지능, 학습용 데이터...",2022.10.28.
283,2022 대규모 OCR 인공지능 학습데이터 해커톤,"06.(일) - 주최 : 과학기술정보통신부, 한국지능정보사회진흥원 - 주관 : (주)엔에치엔다이퀘스트 컨소시엄 ● 참가대상 - 인공지능, 학습용 데이터...",2022.10.28.
284,2022 대규모 OCR 인공지능 학습데이터 해커톤,"06.(일) - 주최 : 과학기술정보통신부, 한국지능정보사회진흥원 - 주관 : (주)엔에치엔다이퀘스트 컨소시엄 ● 참가대상 - 인공지능, 학습용 데이터...",2022.10.28.
285,2022 대규모 OCR 인공지능 학습데이터 해커톤,"06.(일) - 주최 : 과학기술정보통신부, 한국지능정보사회진흥원 - 주관 : (주)엔에치엔다이퀘스트 컨소시엄 ● 참가대상 - 인공지능, 학습용 데이터...",2022.10.28.
286,2022 대규모 OCR 인공지능 학습데이터 해커톤,"06.(일) - 주최 : 과학기술정보통신부, 한국지능정보사회진흥원 - 주관 : (주)엔에치엔다이퀘스트 컨소시엄 ● 참가대상 - 인공지능, 학습용 데이터...",2022.10.28.
287,2022 대규모 OCR 인공지능 학습데이터 해커톤,"06.(일) - 주최 : 과학기술정보통신부, 한국지능정보사회진흥원 - 주관 : (주)엔에치엔다이퀘스트 컨소시엄 ● 참가대상 - 인공지능, 학습용 데이터...",2022.10.28.
288,2022 대규모 OCR 인공지능 학습데이터 해커톤,"06.(일) - 주최 : 과학기술정보통신부, 한국지능정보사회진흥원 - 주관 : (주)엔에치엔다이퀘스트 컨소시엄 ● 참가대상 - 인공지능, 학습용 데이터...",2022.10.28.
289,2022 대규모 OCR 인공지능 학습데이터 해커톤,"06.(일) - 주최 : 과학기술정보통신부, 한국지능정보사회진흥원 - 주관 : (주)엔에치엔다이퀘스트 컨소시엄 ● 참가대상 - 인공지능, 학습용 데이터...",2022.10.28.
290,2022 대규모 OCR 인공지능 학습데이터 해커톤,"06.(일) - 주최 : 과학기술정보통신부, 한국지능정보사회진흥원 - 주관 : (주)엔에치엔다이퀘스트 컨소시엄 ● 참가대상 - 인공지능, 학습용 데이터...",2022.10.28.
291,2022 대규모 OCR 인공지능 학습데이터 해커톤,"06.(일) - 주최 : 과학기술정보통신부, 한국지능정보사회진흥원 - 주관 : (주)엔에치엔다이퀘스트 컨소시엄 ● 참가대상 - 인공지능, 학습용 데이터...",2022.10.28.
292,2022 대규모 OCR 인공지능 학습데이터 해커톤,"06.(일) - 주최 : 과학기술정보통신부, 한국지능정보사회진흥원 - 주관 : (주)엔에치엔다이퀘스트 컨소시엄 ● 참가대상 - 인공지능, 학습용 데이터...",2022.10.28.
293,2022 대규모 OCR 인공지능 학습데이터 해커톤,"06.(일) - 주최 : 과학기술정보통신부, 한국지능정보사회진흥원 - 주관 : (주)엔에치엔다이퀘스트 컨소시엄 ● 참가대상 - 인공지능, 학습용 데이터...",2022.10.28.
294,2022 대규모 OCR 인공지능 학습데이터 해커톤,"06.(일) - 주최 : 과학기술정보통신부, 한국지능정보사회진흥원 - 주관 : (주)엔에치엔다이퀘스트 컨소시엄 ● 참가대상 - 인공지능, 학습용 데이터...",2022.10.28.
295,2022 대규모 OCR 인공지능 학습데이터 해커톤,"06.(일) - 주최 : 과학기술정보통신부, 한국지능정보사회진흥원 - 주관 : (주)엔에치엔다이퀘스트 컨소시엄 ● 참가대상 - 인공지능, 학습용 데이터...",2022.10.28.
296,2022 대규모 OCR 인공지능 학습데이터 해커톤,"06.(일) - 주최 : 과학기술정보통신부, 한국지능정보사회진흥원 - 주관 : (주)엔에치엔다이퀘스트 컨소시엄 ● 참가대상 - 인공지능, 학습용 데이터...",2022.10.28.
297,2022 대규모 OCR 인공지능 학습데이터 해커톤,"06.(일) - 주최 : 과학기술정보통신부, 한국지능정보사회진흥원 - 주관 : (주)엔에치엔다이퀘스트 컨소시엄 ● 참가대상 - 인공지능, 학습용 데이터...",2022.10.28.
298,2022 대규모 OCR 인공지능 학습데이터 해커톤,"06.(일) - 주최 : 과학기술정보통신부, 한국지능정보사회진흥원 - 주관 : (주)엔에치엔다이퀘스트 컨소시엄 ● 참가대상 - 인공지능, 학습용 데이터...",2022.10.28.
299,2022 대규모 OCR 인공지능 학습데이터 해커톤,"06.(일) - 주최 : 과학기술정보통신부, 한국지능정보사회진흥원 - 주관 : (주)엔에치엔다이퀘스트 컨소시엄 ● 참가대상 - 인공지능, 학습용 데이터...",2022.10.28.
300,2022 대규모 OCR 인공지능 학습데이터 해커톤,"06.(일) - 주최 : 과학기술정보통신부, 한국지능정보사회진흥원 - 주관 : (주)엔에치엔다이퀘스트 컨소시엄 ● 참가대상 - 인공지능, 학습용 데이터...",2022.10.28.
301,2022 대규모 OCR 인공지능 학습데이터 해커톤,"06.(일) - 주최 : 과학기술정보통신부, 한국지능정보사회진흥원 - 주관 : (주)엔에치엔다이퀘스트 컨소시엄 ● 참가대상 - 인공지능, 학습용 데이터...",2022.10.28.
302,2022 대규모 OCR 인공지능 학습데이터 해커톤,"06.(일) - 주최 : 과학기술정보통신부, 한국지능정보사회진흥원 - 주관 : (주)엔에치엔다이퀘스트 컨소시엄 ● 참가대상 - 인공지능, 학습용 데이터...",2022.10.28.
303,2022 대규모 OCR 인공지능 학습데이터 해커톤,"06.(일) - 주최 : 과학기술정보통신부, 한국지능정보사회진흥원 - 주관 : (주)엔에치엔다이퀘스트 컨소시엄 ● 참가대상 - 인공지능, 학습용 데이터...",2022.10.28.
304,2022 대규모 OCR 인공지능 학습데이터 해커톤,"06.(일) - 주최 : 과학기술정보통신부, 한국지능정보사회진흥원 - 주관 : (주)엔에치엔다이퀘스트 컨소시엄 ● 참가대상 - 인공지능, 학습용 데이터...",2022.10.28.
305,2022 대규모 OCR 인공지능 학습데이터 해커톤,"06.(일) - 주최 : 과학기술정보통신부, 한국지능정보사회진흥원 - 주관 : (주)엔에치엔다이퀘스트 컨소시엄 ● 참가대상 - 인공지능, 학습용 데이터...",2022.10.28.
306,2022 대규모 OCR 인공지능 학습데이터 해커톤,"06.(일) - 주최 : 과학기술정보통신부, 한국지능정보사회진흥원 - 주관 : (주)엔에치엔다이퀘스트 컨소시엄 ● 참가대상 - 인공지능, 학습용 데이터...",2022.10.28.
307,2022 대규모 OCR 인공지능 학습데이터 해커톤,"06.(일) - 주최 : 과학기술정보통신부, 한국지능정보사회진흥원 - 주관 : (주)엔에치엔다이퀘스트 컨소시엄 ● 참가대상 - 인공지능, 학습용 데이터...",2022.10.28.
308,2022 대규모 OCR 인공지능 학습데이터 해커톤,"06.(일) - 주최 : 과학기술정보통신부, 한국지능정보사회진흥원 - 주관 : (주)엔에치엔다이퀘스트 컨소시엄 ● 참가대상 - 인공지능, 학습용 데이터...",2022.10.28.
309,2022 대규모 OCR 인공지능 학습데이터 해커톤,"06.(일) - 주최 : 과학기술정보통신부, 한국지능정보사회진흥원 - 주관 : (주)엔에치엔다이퀘스트 컨소시엄 ● 참가대상 - 인공지능, 학습용 데이터...",2022.10.28.
310,2022 대규모 OCR 인공지능 학습데이터 해커톤,"06.(일) - 주최 : 과학기술정보통신부, 한국지능정보사회진흥원 - 주관 : (주)엔에치엔다이퀘스트 컨소시엄 ● 참가대상 - 인공지능, 학습용 데이터...",2022.10.28.
311,2022 대규모 OCR 인공지능 학습데이터 해커톤,"06.(일) - 주최 : 과학기술정보통신부, 한국지능정보사회진흥원 - 주관 : (주)엔에치엔다이퀘스트 컨소시엄 ● 참가대상 - 인공지능, 학습용 데이터...",2022.10.28.
312,2022 대규모 OCR 인공지능 학습데이터 해커톤,"06.(일) - 주최 : 과학기술정보통신부, 한국지능정보사회진흥원 - 주관 : (주)엔에치엔다이퀘스트 컨소시엄 ● 참가대상 - 인공지능, 학습용 데이터...",2022.10.28.
313,2022 대규모 OCR 인공지능 학습데이터 해커톤,"06.(일) - 주최 : 과학기술정보통신부, 한국지능정보사회진흥원 - 주관 : (주)엔에치엔다이퀘스트 컨소시엄 ● 참가대상 - 인공지능, 학습용 데이터...",2022.10.28.
314,2022 대규모 OCR 인공지능 학습데이터 해커톤,"06.(일) - 주최 : 과학기술정보통신부, 한국지능정보사회진흥원 - 주관 : (주)엔에치엔다이퀘스트 컨소시엄 ● 참가대상 - 인공지능, 학습용 데이터...",2022.10.28.
315,2022 대규모 OCR 인공지능 학습데이터 해커톤,"06.(일) - 주최 : 과학기술정보통신부, 한국지능정보사회진흥원 - 주관 : (주)엔에치엔다이퀘스트 컨소시엄 ● 참가대상 - 인공지능, 학습용 데이터...",2022.10.28.
316,2022 대규모 OCR 인공지능 학습데이터 해커톤,"06.(일) - 주최 : 과학기술정보통신부, 한국지능정보사회진흥원 - 주관 : (주)엔에치엔다이퀘스트 컨소시엄 ● 참가대상 - 인공지능, 학습용 데이터...",2022.10.28.
317,2022 대규모 OCR 인공지능 학습데이터 해커톤,"06.(일) - 주최 : 과학기술정보통신부, 한국지능정보사회진흥원 - 주관 : (주)엔에치엔다이퀘스트 컨소시엄 ● 참가대상 - 인공지능, 학습용 데이터...",2022.10.28.
318,2022 대규모 OCR 인공지능 학습데이터 해커톤,"06.(일) - 주최 : 과학기술정보통신부, 한국지능정보사회진흥원 - 주관 : (주)엔에치엔다이퀘스트 컨소시엄 ● 참가대상 - 인공지능, 학습용 데이터...",2022.10.28.
319,2022 대규모 OCR 인공지능 학습데이터 해커톤,"06.(일) - 주최 : 과학기술정보통신부, 한국지능정보사회진흥원 - 주관 : (주)엔에치엔다이퀘스트 컨소시엄 ● 참가대상 - 인공지능, 학습용 데이터...",2022.10.28.
320,2022 대규모 OCR 인공지능 학습데이터 해커톤,"06.(일) - 주최 : 과학기술정보통신부, 한국지능정보사회진흥원 - 주관 : (주)엔에치엔다이퀘스트 컨소시엄 ● 참가대상 - 인공지능, 학습용 데이터...",2022.10.28.
321,2022 대규모 OCR 인공지능 학습데이터 해커톤,"06.(일) - 주최 : 과학기술정보통신부, 한국지능정보사회진흥원 - 주관 : (주)엔에치엔다이퀘스트 컨소시엄 ● 참가대상 - 인공지능, 학습용 데이터...",2022.10.28.
322,2022 대규모 OCR 인공지능 학습데이터 해커톤,"06.(일) - 주최 : 과학기술정보통신부, 한국지능정보사회진흥원 - 주관 : (주)엔에치엔다이퀘스트 컨소시엄 ● 참가대상 - 인공지능, 학습용 데이터...",2022.10.28.
323,2022 대규모 OCR 인공지능 학습데이터 해커톤,"06.(일) - 주최 : 과학기술정보통신부, 한국지능정보사회진흥원 - 주관 : (주)엔에치엔다이퀘스트 컨소시엄 ● 참가대상 - 인공지능, 학습용 데이터...",2022.10.28.
324,2022 대규모 OCR 인공지능 학습데이터 해커톤,"06.(일) - 주최 : 과학기술정보통신부, 한국지능정보사회진흥원 - 주관 : (주)엔에치엔다이퀘스트 컨소시엄 ● 참가대상 - 인공지능, 학습용 데이터...",2022.10.28.
325,2022 대규모 OCR 인공지능 학습데이터 해커톤,"06.(일) - 주최 : 과학기술정보통신부, 한국지능정보사회진흥원 - 주관 : (주)엔에치엔다이퀘스트 컨소시엄 ● 참가대상 - 인공지능, 학습용 데이터...",2022.10.28.
326,2022 대규모 OCR 인공지능 학습데이터 해커톤,"06.(일) - 주최 : 과학기술정보통신부, 한국지능정보사회진흥원 - 주관 : (주)엔에치엔다이퀘스트 컨소시엄 ● 참가대상 - 인공지능, 학습용 데이터...",2022.10.28.
327,2022 대규모 OCR 인공지능 학습데이터 해커톤,"06.(일) - 주최 : 과학기술정보통신부, 한국지능정보사회진흥원 - 주관 : (주)엔에치엔다이퀘스트 컨소시엄 ● 참가대상 - 인공지능, 학습용 데이터...",2022.10.28.
328,2022 대규모 OCR 인공지능 학습데이터 해커톤,"06.(일) - 주최 : 과학기술정보통신부, 한국지능정보사회진흥원 - 주관 : (주)엔에치엔다이퀘스트 컨소시엄 ● 참가대상 - 인공지능, 학습용 데이터...",2022.10.28.
329,2022 대규모 OCR 인공지능 학습데이터 해커톤,"06.(일) - 주최 : 과학기술정보통신부, 한국지능정보사회진흥원 - 주관 : (주)엔에치엔다이퀘스트 컨소시엄 ● 참가대상 - 인공지능, 학습용 데이터...",2022.10.28.
